{
  "_fv": 24,
  "_type": "enchantment",
  "definition": {
    "name": "Auto smelt",
    "type": "DIGGER",
    "rarity": "UNCOMMON",
    "minLevel": 1,
    "maxLevel": 1,
    "damageModifier": 0,
    "compatibleEnchantments": [
      {
        "value": "EFFICIENCY"
      },
      {
        "value": "UNBREAKING"
      }
    ],
    "compatibleItems": [],
    "isTreasureEnchantment": false,
    "isCurse": false,
    "isAllowedOnBooks": true,
    "canGenerateInLootTables": true,
    "canVillagerTrade": true
  }
}