{
  "_fv": 24,
  "_type": "rangeditem",
  "definition": {
    "renderType": 1,
    "texture": "barrett._50",
    "customModelName": "barrett.50:default",
    "name": "Barret.50",
    "specialInfo": [
      "cool gun"
    ],
    "creativeTab": {
      "value": "COMBAT"
    },
    "stackSize": 1,
    "ammoItem": {
      "value": "CUSTOM:Ammoforfastguns"
    },
    "shootConstantly": true,
    "usageCount": 2500,
    "actionSound": {
      "value": "entity.blaze.shoot"
    },
    "hasGlow": false,
    "animation": "none",
    "enableMeleeDamage": true,
    "damageVsEntity": 3.5,
    "onRangedItemUsed": {
      "name": "Barret50RangedItemUsed"
    },
    "bulletPower": 2.0,
    "bulletDamage": 12.0,
    "bulletKnockback": 1,
    "bulletParticles": false,
    "bulletIgnitesFire": true,
    "bulletItemTexture": {
      "value": "CUSTOM:Ammo"
    },
    "bulletModel": "Default",
    "customBulletModelTexture": ""
  }
}