{
  "_fv": 24,
  "_type": "tool",
  "definition": {
    "renderType": 1,
    "texture": "bedrock_pickaxe",
    "customModelName": "bedrock_pickaxe:default",
    "name": "Bedrockminer pickaxe",
    "specialInfo": [
      "It can mine bedrock on right click"
    ],
    "creativeTab": {
      "value": "TOOLS"
    },
    "toolType": "Pickaxe",
    "harvestLevel": 99999,
    "efficiency": 12.0,
    "attackSpeed": 0.6,
    "enchantability": 20,
    "damageVsEntity": 6.0,
    "usageCount": 6200,
    "blocksAffected": [],
    "hasGlow": false,
    "repairItems": [
      {
        "value": "Blocks.BEDROCK"
      }
    ],
    "immuneToFire": true,
    "stayInGridWhenCrafting": false,
    "damageOnCrafting": false,
    "onRightClickedOnBlock": {
      "name": "BedrockpickaxeRightClickedOnBlock"
    }
  }
}