{
  "_fv": 24,
  "_type": "food",
  "definition": {
    "renderType": 0,
    "texture": "burger",
    "customModelName": "Normal",
    "name": "Burger",
    "rarity": "EPIC",
    "specialInfo": [
      "WERY DELICOUS BURGER"
    ],
    "creativeTab": {
      "value": "CUSTOM:Morefood"
    },
    "stackSize": 64,
    "nutritionalValue": 15,
    "saturation": 0.5,
    "eatingSpeed": 5,
    "resultItem": {
      "value": ""
    },
    "forDogs": false,
    "isAlwaysEdible": false,
    "animation": "eat",
    "hasGlow": false,
    "onEaten": {
      "name": "BurgerFoodEaten"
    }
  }
}