{
  "_fv": 24,
  "_type": "tool",
  "definition": {
    "renderType": 0,
    "texture": "diamond_hammer",
    "customModelName": "Normal",
    "name": "Diamond hammer",
    "specialInfo": [
      "Nice diamond hammer mines 3x3"
    ],
    "creativeTab": {
      "value": "TOOLS"
    },
    "toolType": "Pickaxe",
    "harvestLevel": 3,
    "efficiency": 8.0,
    "attackSpeed": 1.6,
    "enchantability": 10,
    "damageVsEntity": 4.0,
    "usageCount": 1561,
    "blocksAffected": [],
    "hasGlow": false,
    "repairItems": [],
    "immuneToFire": true,
    "stayInGridWhenCrafting": false,
    "damageOnCrafting": false,
    "onBlockDestroyedWithTool": {
      "name": "ZxZblockminertool"
    }
  }
}