{
  "_fv": 24,
  "_type": "structure",
  "definition": {
    "structure": "tower",
    "randomlyRotateStructure": true,
    "surfaceDetectionType": "First motion blocking block",
    "spawnProbability": 1000,
    "minCountPerChunk": 1,
    "maxCountPerChunk": 3,
    "spawnLocation": "Ground",
    "spawnHeightOffset": 30,
    "spawnXOffset": 0,
    "spawnZOffset": 0,
    "spawnWorldTypes": [
      "Surface",
      "Nether",
      "End"
    ],
    "restrictionBlocks": [],
    "restrictionBiomes": [],
    "ignoreBlocks": "STRUCTURE_BLOCK"
  }
}