{
  "_fv": 24,
  "_type": "recipe",
  "definition": {
    "recipeType": "Crafting",
    "xpReward": 0.0,
    "cookingTime": 200,
    "recipeRetstackSize": 1,
    "group": "",
    "recipeShapeless": false,
    "recipeSlots": [
      {
        "value": "Blocks.PLANKS"
      },
      {
        "value": "Blocks.PLANKS"
      },
      {
        "value": "Blocks.PLANKS"
      },
      {
        "value": "Blocks.PLANKS"
      },
      {
        "value": "Blocks.PLANKS"
      },
      {
        "value": "Blocks.PLANKS"
      },
      {
        "value": "Blocks.PLANKS"
      },
      {
        "value": "Blocks.PLANKS"
      },
      {
        "value": "Blocks.PLANKS"
      }
    ],
    "recipeReturnStack": {
      "value": "CUSTOM:Hugecraftingtabble"
    },
    "name": "hugecraftingtabblerecipe",
    "namespace": "minecraft"
  }
}