{
  "_fv": 24,
  "_type": "tool",
  "definition": {
    "renderType": 1,
    "texture": "katana",
    "customModelName": "katana:default",
    "name": "Katana",
    "specialInfo": [
      "Cool katana"
    ],
    "creativeTab": {
      "value": "COMBAT"
    },
    "toolType": "Sword",
    "harvestLevel": 5,
    "efficiency": 8.0,
    "attackSpeed": 1.0,
    "enchantability": 12,
    "damageVsEntity": 10.0,
    "usageCount": 4000,
    "blocksAffected": [],
    "hasGlow": false,
    "repairItems": [],
    "immuneToFire": true,
    "stayInGridWhenCrafting": false,
    "damageOnCrafting": false,
    "onRightClickedInAir": {
      "name": "Katanarightclickedinair"
    }
  }
}