{
  "_fv": 24,
  "_type": "recipe",
  "definition": {
    "recipeType": "Crafting",
    "xpReward": 0.0,
    "cookingTime": 200,
    "recipeRetstackSize": 8,
    "group": "",
    "recipeShapeless": false,
    "recipeSlots": [
      {
        "value": ""
      },
      {
        "value": ""
      },
      {
        "value": ""
      },
      {
        "value": ""
      },
      {
        "value": "Items.IRON_INGOT"
      },
      {
        "value": ""
      },
      {
        "value": "Blocks.TNT"
      },
      {
        "value": "Blocks.TNT"
      },
      {
        "value": "Blocks.TNT"
      }
    ],
    "recipeReturnStack": {
      "value": "CUSTOM:Landmine"
    },
    "name": "landminerecipe",
    "namespace": "minecraft"
  }
}