{
  "_fv": 24,
  "_type": "armor",
  "definition": {
    "enableHelmet": true,
    "textureHelmet": "lapiz_head",
    "enableBody": true,
    "textureBody": "lapiz_body",
    "enableLeggings": true,
    "textureLeggings": "lapiz_leggings",
    "enableBoots": true,
    "textureBoots": "lapiz_boots",
    "onHelmetTick": {
      "name": "Effectonlapizarmor"
    },
    "onBodyTick": {
      "name": "Lapizarmorflyeffect"
    },
    "onLeggingsTick": {
      "name": "Effectonlapizarmor"
    },
    "onBootsTick": {
      "name": "Effectonlapizarmor"
    },
    "creativeTab": {
      "value": "COMBAT"
    },
    "armorTextureFile": "lapiz",
    "helmetName": "Lapiz Helmet",
    "bodyName": "Lapiz Chestplate",
    "leggingsName": "Lapiz Leggings",
    "bootsName": "Lapiz Boots",
    "helmetSpecialInfo": [],
    "bodySpecialInfo": [],
    "leggingsSpecialInfo": [],
    "bootsSpecialInfo": [],
    "helmetModelName": "Default",
    "helmetModelPart": "Helmet",
    "helmetModelTexture": "From armor",
    "bodyModelName": "Default",
    "bodyModelPart": "Body",
    "armsModelPartL": "Arms L",
    "armsModelPartR": "Arms R",
    "bodyModelTexture": "From armor",
    "leggingsModelName": "Default",
    "leggingsModelPartL": "Leggings L",
    "leggingsModelPartR": "Leggings R",
    "leggingsModelTexture": "From armor",
    "bootsModelName": "Default",
    "bootsModelPartL": "Boots L",
    "bootsModelPartR": "Boots R",
    "bootsModelTexture": "From armor",
    "helmetImmuneToFire": false,
    "bodyImmuneToFire": false,
    "leggingsImmuneToFire": false,
    "bootsImmuneToFire": false,
    "maxDamage": 23,
    "damageValueHelmet": 3,
    "damageValueBody": 9,
    "damageValueLeggings": 8,
    "damageValueBoots": 3,
    "enchantability": 14,
    "toughness": 2.0,
    "knockbackResistance": 0.05,
    "equipSound": {
      "value": ""
    },
    "repairItems": [
      {
        "value": "Items.DYE#4"
      }
    ]
  }
}