{
  "_fv": 24,
  "_type": "recipe",
  "definition": {
    "recipeType": "Smithing",
    "xpReward": 0.0,
    "cookingTime": 200,
    "recipeRetstackSize": 1,
    "group": "netherite_hammer_recipe",
    "recipeShapeless": false,
    "smithingInputStack": {
      "value": "CUSTOM:Diamondhammer"
    },
    "smithingInputAdditionStack": {
      "value": "Items.NETHERITE_INGOT"
    },
    "smithingReturnStack": {
      "value": "CUSTOM:Netheritehammer"
    },
    "name": "netheritehammerrecipe",
    "namespace": "minecraft"
  }
}