{
  "_fv": 24,
  "_type": "armor",
  "definition": {
    "enableHelmet": true,
    "textureHelmet": "ninja_helmet",
    "enableBody": true,
    "textureBody": "chestplate_of_ninja",
    "enableLeggings": true,
    "textureLeggings": "ninja_legins",
    "enableBoots": true,
    "textureBoots": "ninja_boots",
    "onBootsTick": {
      "name": "NinjaBootsTickEvent"
    },
    "creativeTab": {
      "value": "COMBAT"
    },
    "armorTextureFile": "redstone",
    "helmetName": "Ninja Helmet",
    "bodyName": "Ninja Body",
    "leggingsName": "Ninja Leggings",
    "bootsName": "Ninja Boots",
    "helmetSpecialInfo": [],
    "bodySpecialInfo": [],
    "leggingsSpecialInfo": [],
    "bootsSpecialInfo": [],
    "helmetModelName": "ModelNinja_armor",
    "helmetModelPart": "Head",
    "helmetModelTexture": "ninja_armor.png",
    "bodyModelName": "ModelNinja_armor",
    "bodyModelPart": "Head",
    "armsModelPartL": "LeftArm",
    "armsModelPartR": "RightArm",
    "bodyModelTexture": "ninja_armor.png",
    "leggingsModelName": "ModelNinja_armor",
    "leggingsModelPartL": "LeftLeg",
    "leggingsModelPartR": "RightLeg",
    "leggingsModelTexture": "ninja_armor.png",
    "bootsModelName": "ModelNinja_armor",
    "bootsModelPartL": "LeftLeg",
    "bootsModelPartR": "RightLeg",
    "bootsModelTexture": "ninja_armor.png",
    "helmetImmuneToFire": false,
    "bodyImmuneToFire": false,
    "leggingsImmuneToFire": false,
    "bootsImmuneToFire": false,
    "maxDamage": 12,
    "damageValueHelmet": 2,
    "damageValueBody": 4,
    "damageValueLeggings": 4,
    "damageValueBoots": 2,
    "enchantability": 9,
    "toughness": 1.0,
    "knockbackResistance": 0.1,
    "equipSound": {
      "value": ""
    },
    "repairItems": []
  }
}