{
  "_fv": 24,
  "_type": "recipe",
  "definition": {
    "recipeType": "Crafting",
    "xpReward": 0.0,
    "cookingTime": 200,
    "recipeRetstackSize": 1,
    "group": "",
    "recipeShapeless": false,
    "recipeSlots": [
      {
        "value": "CUSTOM:Ninja_ore"
      },
      {
        "value": "CUSTOM:Ninja_ore"
      },
      {
        "value": "CUSTOM:Ninja_ore"
      },
      {
        "value": "CUSTOM:Ninja_ore"
      },
      {
        "value": "Items.DYE#19"
      },
      {
        "value": "CUSTOM:Ninja_ore"
      },
      {
        "value": ""
      },
      {
        "value": ""
      },
      {
        "value": ""
      }
    ],
    "recipeReturnStack": {
      "value": "CUSTOM:Ninja.helmet"
    },
    "name": "ninjahelmetrecipe",
    "namespace": "mod"
  }
}