{
  "_fv": 24,
  "_type": "food",
  "definition": {
    "renderType": 0,
    "texture": "pizza",
    "customModelName": "Normal",
    "name": "Pizza",
    "rarity": "EPIC",
    "specialInfo": [
      "Super delicious pizza"
    ],
    "creativeTab": {
      "value": "CUSTOM:Morefood"
    },
    "stackSize": 64,
    "nutritionalValue": 10,
    "saturation": 0.3,
    "eatingSpeed": 10,
    "resultItem": {
      "value": ""
    },
    "forDogs": false,
    "isAlwaysEdible": true,
    "animation": "eat",
    "hasGlow": false,
    "onEaten": {
      "name": "PizzaFoodEaten"
    }
  }
}