{
  "_fv": 24,
  "_type": "recipe",
  "definition": {
    "recipeType": "Crafting",
    "xpReward": 0.0,
    "cookingTime": 200,
    "recipeRetstackSize": 1,
    "group": "",
    "recipeShapeless": false,
    "recipeSlots": [
      {
        "value": ""
      },
      {
        "value": "Items.MILK_BUCKET"
      },
      {
        "value": ""
      },
      {
        "value": "CUSTOM:Tomato"
      },
      {
        "value": "CUSTOM:Cutedcucumber"
      },
      {
        "value": "CUSTOM:Ketchup"
      },
      {
        "value": ""
      },
      {
        "value": "Blocks.WHEAT"
      },
      {
        "value": ""
      }
    ],
    "recipeReturnStack": {
      "value": "CUSTOM:Pizza"
    },
    "name": "pizzarecipe",
    "namespace": "minecraft"
  }
}