{
  "_fv": 24,
  "_type": "tool",
  "definition": {
    "renderType": 0,
    "texture": "simple_stone_hammer",
    "customModelName": "Normal",
    "name": "Stone hammer",
    "specialInfo": [
      "stone_hammer_mines_3x3"
    ],
    "creativeTab": {
      "value": "TOOLS"
    },
    "toolType": "Pickaxe",
    "harvestLevel": 1,
    "efficiency": 4.0,
    "attackSpeed": 1.6,
    "enchantability": 5,
    "damageVsEntity": 2.5,
    "usageCount": 131,
    "blocksAffected": [],
    "hasGlow": false,
    "repairItems": [
      {
        "value": "Blocks.COBBLESTONE"
      },
      {
        "value": "Blocks.MOSSY_COBBLESTONE"
      },
      {
        "value": "Blocks.STONE#0"
      }
    ],
    "immuneToFire": false,
    "stayInGridWhenCrafting": false,
    "damageOnCrafting": false,
    "onBlockDestroyedWithTool": {
      "name": "ZxZblockminertool"
    }
  }
}