{
  "_fv": 24,
  "_type": "food",
  "definition": {
    "renderType": 0,
    "texture": "tomato",
    "customModelName": "Normal",
    "name": "Tomato",
    "rarity": "COMMON",
    "specialInfo": [],
    "creativeTab": {
      "value": "CUSTOM:Morefood"
    },
    "stackSize": 64,
    "nutritionalValue": 6,
    "saturation": 0.5,
    "eatingSpeed": 20,
    "resultItem": {
      "value": "CUSTOM:Tomato"
    },
    "forDogs": false,
    "isAlwaysEdible": false,
    "animation": "eat",
    "hasGlow": false
  }
}