{
  "_fv": 24,
  "_type": "item",
  "definition": {
    "renderType": 1,
    "texture": "barrett._50",
    "customModelName": "barrett.50:default",
    "name": "Unreload barret50",
    "rarity": "COMMON",
    "creativeTab": {
      "value": "COMBAT"
    },
    "stackSize": 1,
    "enchantability": 0,
    "useDuration": 0,
    "toolType": 1.0,
    "damageCount": 0,
    "recipeRemainder": {
      "value": ""
    },
    "destroyAnyBlock": false,
    "immuneToFire": true,
    "stayInGridWhenCrafting": false,
    "damageOnCrafting": false,
    "enableMeleeDamage": false,
    "damageVsEntity": 0.0,
    "specialInfo": [
      "Not reload barret50"
    ],
    "hasGlow": false,
    "guiBoundTo": "<NONE>",
    "inventorySize": 9,
    "inventoryStackSize": 64,
    "onRightClickedInAir": {
      "name": "Barret50reload"
    },
    "onRightClickedOnBlock": {
      "name": "Barret50reload"
    },
    "hasDispenseBehavior": false
  }
}