{
  "_fv": 24,
  "_type": "tool",
  "definition": {
    "renderType": 0,
    "texture": "wood_hammer",
    "customModelName": "Normal",
    "name": "Woodenhammer",
    "specialInfo": [
      "wood hammer mines 3x3"
    ],
    "creativeTab": {
      "value": "TOOLS"
    },
    "toolType": "Pickaxe",
    "harvestLevel": 0,
    "efficiency": 2.0,
    "attackSpeed": 1.6,
    "enchantability": 15,
    "damageVsEntity": 1.5,
    "usageCount": 60,
    "blocksAffected": [],
    "hasGlow": false,
    "repairItems": [],
    "immuneToFire": false,
    "stayInGridWhenCrafting": false,
    "damageOnCrafting": false,
    "onBlockDestroyedWithTool": {
      "name": "ZxZblockminertool"
    }
  }
}