{
	"credit": "Made with Blockbench",
	"texture_size": [64, 64],
	"textures": {
		"0": "block/curtains",
		"particle": "block/curtains"
	},
	"elements": [
		{
			"from": [5.2, 0, 13.75],
			"to": [7.2, 29, 14],
			"rotation": {"angle": 22.5, "axis": "y", "origin": [6.2, 14.5, 13.875]},
			"faces": {
				"north": {"uv": [0, 0, 0.5, 7.25], "texture": "#0"},
				"east": {"uv": [6, 0, 6.25, 7.25], "texture": "#0"},
				"south": {"uv": [0.5, 0, 1, 7.25], "texture": "#0"},
				"west": {"uv": [6.25, 0, 6.5, 7.25], "texture": "#0"},
				"up": {"uv": [8, 0.75, 7.5, 0.5], "texture": "#0"},
				"down": {"uv": [8, 0.75, 7.5, 1], "texture": "#0"}
			}
		},
		{
			"from": [6.95209, 0, 13.75],
			"to": [8.95209, 29, 14],
			"rotation": {"angle": -22.5, "axis": "y", "origin": [7.95209, 14.5, 13.875]},
			"faces": {
				"north": {"uv": [1, 0, 1.5, 7.25], "texture": "#0"},
				"east": {"uv": [6.5, 0, 6.75, 7.25], "texture": "#0"},
				"south": {"uv": [1.5, 0, 2, 7.25], "texture": "#0"},
				"west": {"uv": [6.75, 0, 7, 7.25], "texture": "#0"},
				"up": {"uv": [8, 1.25, 7.5, 1], "texture": "#0"},
				"down": {"uv": [8, 1.25, 7.5, 1.5], "texture": "#0"}
			}
		},
		{
			"from": [10.45626, 0, 13.75],
			"to": [12.45626, 29, 14],
			"rotation": {"angle": -22.5, "axis": "y", "origin": [11.45626, 14.5, 13.875]},
			"faces": {
				"north": {"uv": [2, 0, 2.5, 7.25], "texture": "#0"},
				"east": {"uv": [7, 0, 7.25, 7.25], "texture": "#0"},
				"south": {"uv": [2.5, 0, 3, 7.25], "texture": "#0"},
				"west": {"uv": [0, 7.25, 0.25, 14.5], "texture": "#0"},
				"up": {"uv": [2, 7.75, 1.5, 7.5], "texture": "#0"},
				"down": {"uv": [8, 1.5, 7.5, 1.75], "texture": "#0"}
			}
		},
		{
			"from": [8.70418, 0, 13.75],
			"to": [10.70418, 29, 14],
			"rotation": {"angle": 22.5, "axis": "y", "origin": [9.70418, 14.5, 13.875]},
			"faces": {
				"north": {"uv": [3, 0, 3.5, 7.25], "texture": "#0"},
				"east": {"uv": [7.25, 0, 7.5, 7.25], "texture": "#0"},
				"south": {"uv": [3.5, 0, 4, 7.25], "texture": "#0"},
				"west": {"uv": [0.25, 7.25, 0.5, 14.5], "texture": "#0"},
				"up": {"uv": [8, 2, 7.5, 1.75], "texture": "#0"},
				"down": {"uv": [2.5, 7.5, 2, 7.75], "texture": "#0"}
			}
		},
		{
			"from": [13.96044, 0, 13.75],
			"to": [15.96044, 29, 14],
			"rotation": {"angle": -22.5, "axis": "y", "origin": [14.96044, 14.5, 13.875]},
			"faces": {
				"north": {"uv": [4, 0, 4.5, 7.25], "texture": "#0"},
				"east": {"uv": [0.5, 7.25, 0.75, 14.5], "texture": "#0"},
				"south": {"uv": [4.5, 0, 5, 7.25], "texture": "#0"},
				"west": {"uv": [0.75, 7.25, 1, 14.5], "texture": "#0"},
				"up": {"uv": [8, 2.25, 7.5, 2], "texture": "#0"},
				"down": {"uv": [8, 2.25, 7.5, 2.5], "texture": "#0"}
			}
		},
		{
			"from": [12.20835, 0, 13.75],
			"to": [14.20835, 29, 14],
			"rotation": {"angle": 22.5, "axis": "y", "origin": [13.20835, 14.5, 13.875]},
			"faces": {
				"north": {"uv": [5, 0, 5.5, 7.25], "texture": "#0"},
				"east": {"uv": [1, 7.25, 1.25, 14.5], "texture": "#0"},
				"south": {"uv": [5.5, 0, 6, 7.25], "texture": "#0"},
				"west": {"uv": [1.25, 7.25, 1.5, 14.5], "texture": "#0"},
				"up": {"uv": [3, 7.75, 2.5, 7.5], "texture": "#0"},
				"down": {"uv": [8, 2.5, 7.5, 2.75], "texture": "#0"}
			}
		},
		{
			"from": [5.2, 29, 13.75],
			"to": [7.2, 30.25, 14],
			"rotation": {"angle": 22.5, "axis": "y", "origin": [6.2, 14.5, 13.875]},
			"faces": {
				"north": {"uv": [7.5, 2.75, 8, 3], "texture": "#0"},
				"east": {"uv": [2, 8, 2.25, 8.25], "texture": "#0"},
				"south": {"uv": [3, 7.5, 3.5, 7.75], "texture": "#0"},
				"west": {"uv": [8, 2, 8.25, 2.25], "texture": "#0"},
				"up": {"uv": [8, 3.25, 7.5, 3], "texture": "#0"},
				"down": {"uv": [8, 3.25, 7.5, 3.5], "texture": "#0"}
			}
		},
		{
			"from": [6.95209, 29, 13.75],
			"to": [8.95209, 30.25, 14],
			"rotation": {"angle": -22.5, "axis": "y", "origin": [7.95209, 14.5, 13.875]},
			"faces": {
				"north": {"uv": [3.5, 7.5, 4, 7.75], "texture": "#0"},
				"east": {"uv": [2.25, 8, 2.5, 8.25], "texture": "#0"},
				"south": {"uv": [7.5, 3.5, 8, 3.75], "texture": "#0"},
				"west": {"uv": [8, 2.25, 8.25, 2.5], "texture": "#0"},
				"up": {"uv": [8, 4, 7.5, 3.75], "texture": "#0"},
				"down": {"uv": [4.5, 7.5, 4, 7.75], "texture": "#0"}
			}
		},
		{
			"from": [10.45626, 29, 13.75],
			"to": [12.45626, 30.25, 14],
			"rotation": {"angle": -22.5, "axis": "y", "origin": [11.45626, 14.5, 13.875]},
			"faces": {
				"north": {"uv": [7.5, 4, 8, 4.25], "texture": "#0"},
				"east": {"uv": [2.5, 8, 2.75, 8.25], "texture": "#0"},
				"south": {"uv": [7.5, 4.25, 8, 4.5], "texture": "#0"},
				"west": {"uv": [8, 2.5, 8.25, 2.75], "texture": "#0"},
				"up": {"uv": [5, 7.75, 4.5, 7.5], "texture": "#0"},
				"down": {"uv": [8, 4.5, 7.5, 4.75], "texture": "#0"}
			}
		},
		{
			"from": [8.70418, 29, 13.75],
			"to": [10.70418, 30.25, 14],
			"rotation": {"angle": 22.5, "axis": "y", "origin": [9.70418, 14.5, 13.875]},
			"faces": {
				"north": {"uv": [7.5, 4.75, 8, 5], "texture": "#0"},
				"east": {"uv": [2.75, 8, 3, 8.25], "texture": "#0"},
				"south": {"uv": [5, 7.5, 5.5, 7.75], "texture": "#0"},
				"west": {"uv": [8, 2.75, 8.25, 3], "texture": "#0"},
				"up": {"uv": [8, 5.25, 7.5, 5], "texture": "#0"},
				"down": {"uv": [8, 5.25, 7.5, 5.5], "texture": "#0"}
			}
		},
		{
			"from": [13.96044, 29, 13.75],
			"to": [15.96044, 30.25, 14],
			"rotation": {"angle": -22.5, "axis": "y", "origin": [14.96044, 14.5, 13.875]},
			"faces": {
				"north": {"uv": [5.5, 7.5, 6, 7.75], "texture": "#0"},
				"east": {"uv": [3, 8, 3.25, 8.25], "texture": "#0"},
				"south": {"uv": [7.5, 5.5, 8, 5.75], "texture": "#0"},
				"west": {"uv": [8, 3, 8.25, 3.25], "texture": "#0"},
				"up": {"uv": [8, 6, 7.5, 5.75], "texture": "#0"},
				"down": {"uv": [6.5, 7.5, 6, 7.75], "texture": "#0"}
			}
		},
		{
			"from": [12.20835, 29, 13.75],
			"to": [14.20835, 30.25, 14],
			"rotation": {"angle": 22.5, "axis": "y", "origin": [13.20835, 14.5, 13.875]},
			"faces": {
				"north": {"uv": [7.5, 6, 8, 6.25], "texture": "#0"},
				"east": {"uv": [3.25, 8, 3.5, 8.25], "texture": "#0"},
				"south": {"uv": [7.5, 6.25, 8, 6.5], "texture": "#0"},
				"west": {"uv": [8, 3.25, 8.25, 3.5], "texture": "#0"},
				"up": {"uv": [7, 7.75, 6.5, 7.5], "texture": "#0"},
				"down": {"uv": [8, 6.5, 7.5, 6.75], "texture": "#0"}
			}
		},
		{
			"from": [5.2, 31, 13.75],
			"to": [7.2, 32, 14],
			"rotation": {"angle": 22.5, "axis": "y", "origin": [6.2, 16.5, 13.875]},
			"faces": {
				"north": {"uv": [7.5, 6.75, 8, 7], "texture": "#0"},
				"east": {"uv": [3.5, 8, 3.75, 8.25], "texture": "#0"},
				"south": {"uv": [7, 7.5, 7.5, 7.75], "texture": "#0"},
				"west": {"uv": [8, 3.5, 8.25, 3.75], "texture": "#0"},
				"up": {"uv": [8, 7.25, 7.5, 7], "texture": "#0"},
				"down": {"uv": [8, 7.5, 7.5, 7.75], "texture": "#0"}
			}
		},
		{
			"from": [6.95209, 31, 13.75],
			"to": [8.95209, 32, 14],
			"rotation": {"angle": -22.5, "axis": "y", "origin": [7.95209, 16.5, 13.875]},
			"faces": {
				"north": {"uv": [1.5, 7.75, 2, 8], "texture": "#0"},
				"east": {"uv": [3.75, 8, 4, 8.25], "texture": "#0"},
				"south": {"uv": [2, 7.75, 2.5, 8], "texture": "#0"},
				"west": {"uv": [8, 3.75, 8.25, 4], "texture": "#0"},
				"up": {"uv": [3, 8, 2.5, 7.75], "texture": "#0"},
				"down": {"uv": [3.5, 7.75, 3, 8], "texture": "#0"}
			}
		},
		{
			"from": [10.45626, 31, 13.75],
			"to": [12.45626, 32, 14],
			"rotation": {"angle": -22.5, "axis": "y", "origin": [11.45626, 16.5, 13.875]},
			"faces": {
				"north": {"uv": [3.5, 7.75, 4, 8], "texture": "#0"},
				"east": {"uv": [4, 8, 4.25, 8.25], "texture": "#0"},
				"south": {"uv": [4, 7.75, 4.5, 8], "texture": "#0"},
				"west": {"uv": [8, 4, 8.25, 4.25], "texture": "#0"},
				"up": {"uv": [5, 8, 4.5, 7.75], "texture": "#0"},
				"down": {"uv": [5.5, 7.75, 5, 8], "texture": "#0"}
			}
		},
		{
			"from": [8.70418, 31, 13.75],
			"to": [10.70418, 32, 14],
			"rotation": {"angle": 22.5, "axis": "y", "origin": [9.70418, 16.5, 13.875]},
			"faces": {
				"north": {"uv": [5.5, 7.75, 6, 8], "texture": "#0"},
				"east": {"uv": [4.25, 8, 4.5, 8.25], "texture": "#0"},
				"south": {"uv": [6, 7.75, 6.5, 8], "texture": "#0"},
				"west": {"uv": [8, 4.25, 8.25, 4.5], "texture": "#0"},
				"up": {"uv": [7, 8, 6.5, 7.75], "texture": "#0"},
				"down": {"uv": [7.5, 7.75, 7, 8], "texture": "#0"}
			}
		},
		{
			"from": [13.96044, 31, 13.75],
			"to": [15.96044, 32, 14],
			"rotation": {"angle": -22.5, "axis": "y", "origin": [14.96044, 16.5, 13.875]},
			"faces": {
				"north": {"uv": [7.5, 7.75, 8, 8], "texture": "#0"},
				"east": {"uv": [4.5, 8, 4.75, 8.25], "texture": "#0"},
				"south": {"uv": [8, 0.5, 8.5, 0.75], "texture": "#0"},
				"west": {"uv": [8, 4.5, 8.25, 4.75], "texture": "#0"},
				"up": {"uv": [8.5, 1, 8, 0.75], "texture": "#0"},
				"down": {"uv": [8.5, 1, 8, 1.25], "texture": "#0"}
			}
		},
		{
			"from": [12.20835, 31, 13.75],
			"to": [14.20835, 32, 14],
			"rotation": {"angle": 22.5, "axis": "y", "origin": [13.20835, 16.5, 13.875]},
			"faces": {
				"north": {"uv": [8, 1.25, 8.5, 1.5], "texture": "#0"},
				"east": {"uv": [4.75, 8, 5, 8.25], "texture": "#0"},
				"south": {"uv": [1.5, 8, 2, 8.25], "texture": "#0"},
				"west": {"uv": [8, 4.75, 8.25, 5], "texture": "#0"},
				"up": {"uv": [8.5, 1.75, 8, 1.5], "texture": "#0"},
				"down": {"uv": [8.5, 1.75, 8, 2], "texture": "#0"}
			}
		},
		{
			"from": [5.2, 30.25, 13.75],
			"to": [5.6, 31, 14],
			"rotation": {"angle": 22.5, "axis": "y", "origin": [6.2, 15.5, 13.875]},
			"faces": {
				"north": {"uv": [5, 8, 5.25, 8.25], "texture": "#0"},
				"east": {"uv": [8, 5, 8.25, 5.25], "texture": "#0"},
				"south": {"uv": [5.25, 8, 5.5, 8.25], "texture": "#0"},
				"west": {"uv": [8, 5.25, 8.25, 5.5], "texture": "#0"},
				"up": {"uv": [5.75, 8.25, 5.5, 8], "texture": "#0"},
				"down": {"uv": [8.25, 5.5, 8, 5.75], "texture": "#0"}
			}
		},
		{
			"from": [6.95209, 30.25, 13.75],
			"to": [7.35209, 31, 14],
			"rotation": {"angle": -22.5, "axis": "y", "origin": [7.95209, 15.5, 13.875]},
			"faces": {
				"north": {"uv": [5.75, 8, 6, 8.25], "texture": "#0"},
				"east": {"uv": [8, 5.75, 8.25, 6], "texture": "#0"},
				"south": {"uv": [6, 8, 6.25, 8.25], "texture": "#0"},
				"west": {"uv": [8, 6, 8.25, 6.25], "texture": "#0"},
				"up": {"uv": [6.5, 8.25, 6.25, 8], "texture": "#0"},
				"down": {"uv": [8.25, 6.25, 8, 6.5], "texture": "#0"}
			}
		},
		{
			"from": [8.70418, 30.25, 13.75],
			"to": [9.10418, 31, 14],
			"rotation": {"angle": 22.5, "axis": "y", "origin": [9.70418, 15.5, 13.875]},
			"faces": {
				"north": {"uv": [6.5, 8, 6.75, 8.25], "texture": "#0"},
				"east": {"uv": [8, 6.5, 8.25, 6.75], "texture": "#0"},
				"south": {"uv": [6.75, 8, 7, 8.25], "texture": "#0"},
				"west": {"uv": [8, 6.75, 8.25, 7], "texture": "#0"},
				"up": {"uv": [7.25, 8.25, 7, 8], "texture": "#0"},
				"down": {"uv": [8.25, 7, 8, 7.25], "texture": "#0"}
			}
		},
		{
			"from": [10.45626, 30.25, 13.75],
			"to": [10.85626, 31, 14],
			"rotation": {"angle": -22.5, "axis": "y", "origin": [11.45626, 15.5, 13.875]},
			"faces": {
				"north": {"uv": [7.25, 8, 7.5, 8.25], "texture": "#0"},
				"east": {"uv": [7.5, 8, 7.75, 8.25], "texture": "#0"},
				"south": {"uv": [8, 7.5, 8.25, 7.75], "texture": "#0"},
				"west": {"uv": [7.75, 8, 8, 8.25], "texture": "#0"},
				"up": {"uv": [8.25, 8, 8, 7.75], "texture": "#0"},
				"down": {"uv": [8.25, 8, 8, 8.25], "texture": "#0"}
			}
		},
		{
			"from": [12.20835, 30.25, 13.75],
			"to": [12.60835, 31, 14],
			"rotation": {"angle": 22.5, "axis": "y", "origin": [13.20835, 15.5, 13.875]},
			"faces": {
				"north": {"uv": [1.5, 8.25, 1.75, 8.5], "texture": "#0"},
				"east": {"uv": [1.75, 8.25, 2, 8.5], "texture": "#0"},
				"south": {"uv": [2, 8.25, 2.25, 8.5], "texture": "#0"},
				"west": {"uv": [8.25, 2, 8.5, 2.25], "texture": "#0"},
				"up": {"uv": [2.5, 8.5, 2.25, 8.25], "texture": "#0"},
				"down": {"uv": [8.5, 2.25, 8.25, 2.5], "texture": "#0"}
			}
		},
		{
			"from": [13.96044, 30.25, 13.75],
			"to": [14.36044, 31, 14],
			"rotation": {"angle": -22.5, "axis": "y", "origin": [14.96044, 15.5, 13.875]},
			"faces": {
				"north": {"uv": [2.5, 8.25, 2.75, 8.5], "texture": "#0"},
				"east": {"uv": [8.25, 2.5, 8.5, 2.75], "texture": "#0"},
				"south": {"uv": [2.75, 8.25, 3, 8.5], "texture": "#0"},
				"west": {"uv": [8.25, 2.75, 8.5, 3], "texture": "#0"},
				"up": {"uv": [3.25, 8.5, 3, 8.25], "texture": "#0"},
				"down": {"uv": [8.5, 3, 8.25, 3.25], "texture": "#0"}
			}
		},
		{
			"from": [6.8, 30.25, 13.75],
			"to": [7.2, 31, 14],
			"rotation": {"angle": 22.5, "axis": "y", "origin": [6.2, 15.5, 13.875]},
			"faces": {
				"north": {"uv": [3.25, 8.25, 3.5, 8.5], "texture": "#0"},
				"east": {"uv": [8.25, 3.25, 8.5, 3.5], "texture": "#0"},
				"south": {"uv": [3.5, 8.25, 3.75, 8.5], "texture": "#0"},
				"west": {"uv": [8.25, 3.5, 8.5, 3.75], "texture": "#0"},
				"up": {"uv": [4, 8.5, 3.75, 8.25], "texture": "#0"},
				"down": {"uv": [8.5, 3.75, 8.25, 4], "texture": "#0"}
			}
		},
		{
			"from": [8.55209, 30.25, 13.75],
			"to": [8.95209, 31, 14],
			"rotation": {"angle": -22.5, "axis": "y", "origin": [7.95209, 15.5, 13.875]},
			"faces": {
				"north": {"uv": [4, 8.25, 4.25, 8.5], "texture": "#0"},
				"east": {"uv": [8.25, 4, 8.5, 4.25], "texture": "#0"},
				"south": {"uv": [4.25, 8.25, 4.5, 8.5], "texture": "#0"},
				"west": {"uv": [8.25, 4.25, 8.5, 4.5], "texture": "#0"},
				"up": {"uv": [4.75, 8.5, 4.5, 8.25], "texture": "#0"},
				"down": {"uv": [8.5, 4.5, 8.25, 4.75], "texture": "#0"}
			}
		},
		{
			"from": [10.30418, 30.25, 13.75],
			"to": [10.70418, 31, 14],
			"rotation": {"angle": 22.5, "axis": "y", "origin": [9.70418, 15.5, 13.875]},
			"faces": {
				"north": {"uv": [4.75, 8.25, 5, 8.5], "texture": "#0"},
				"east": {"uv": [8.25, 4.75, 8.5, 5], "texture": "#0"},
				"south": {"uv": [5, 8.25, 5.25, 8.5], "texture": "#0"},
				"west": {"uv": [8.25, 5, 8.5, 5.25], "texture": "#0"},
				"up": {"uv": [5.5, 8.5, 5.25, 8.25], "texture": "#0"},
				"down": {"uv": [8.5, 5.25, 8.25, 5.5], "texture": "#0"}
			}
		},
		{
			"from": [12.05626, 30.25, 13.75],
			"to": [12.45626, 31, 14],
			"rotation": {"angle": -22.5, "axis": "y", "origin": [11.45626, 15.5, 13.875]},
			"faces": {
				"north": {"uv": [5.5, 8.25, 5.75, 8.5], "texture": "#0"},
				"east": {"uv": [8.25, 5.5, 8.5, 5.75], "texture": "#0"},
				"south": {"uv": [5.75, 8.25, 6, 8.5], "texture": "#0"},
				"west": {"uv": [8.25, 5.75, 8.5, 6], "texture": "#0"},
				"up": {"uv": [6.25, 8.5, 6, 8.25], "texture": "#0"},
				"down": {"uv": [8.5, 6, 8.25, 6.25], "texture": "#0"}
			}
		},
		{
			"from": [13.80835, 30.25, 13.75],
			"to": [14.20835, 31, 14],
			"rotation": {"angle": 22.5, "axis": "y", "origin": [13.20835, 15.5, 13.875]},
			"faces": {
				"north": {"uv": [6.25, 8.25, 6.5, 8.5], "texture": "#0"},
				"east": {"uv": [8.25, 6.25, 8.5, 6.5], "texture": "#0"},
				"south": {"uv": [6.5, 8.25, 6.75, 8.5], "texture": "#0"},
				"west": {"uv": [8.25, 6.5, 8.5, 6.75], "texture": "#0"},
				"up": {"uv": [7, 8.5, 6.75, 8.25], "texture": "#0"},
				"down": {"uv": [8.5, 6.75, 8.25, 7], "texture": "#0"}
			}
		},
		{
			"from": [15.56044, 30.25, 13.75],
			"to": [15.96044, 31, 14],
			"rotation": {"angle": -22.5, "axis": "y", "origin": [14.96044, 15.5, 13.875]},
			"faces": {
				"north": {"uv": [7, 8.25, 7.25, 8.5], "texture": "#0"},
				"east": {"uv": [8.25, 7, 8.5, 7.25], "texture": "#0"},
				"south": {"uv": [7.25, 8.25, 7.5, 8.5], "texture": "#0"},
				"west": {"uv": [7.5, 8.25, 7.75, 8.5], "texture": "#0"},
				"up": {"uv": [8.5, 7.75, 8.25, 7.5], "texture": "#0"},
				"down": {"uv": [8, 8.25, 7.75, 8.5], "texture": "#0"}
			}
		},
		{
			"from": [5.6, 30.25, 13.725],
			"to": [6.8, 30.3, 14.025],
			"rotation": {"angle": 22.5, "axis": "y", "origin": [6.2, 14.5, 13.875]},
			"faces": {
				"north": {"uv": [8.25, 7.75, 8.5, 8], "texture": "#0"},
				"east": {"uv": [8, 8.25, 8.25, 8.5], "texture": "#0"},
				"south": {"uv": [8.25, 8, 8.5, 8.25], "texture": "#0"},
				"west": {"uv": [8.25, 8.25, 8.5, 8.5], "texture": "#0"},
				"up": {"uv": [8.75, 0.75, 8.5, 0.5], "texture": "#0"},
				"down": {"uv": [8.75, 0.75, 8.5, 1], "texture": "#0"}
			}
		},
		{
			"from": [9.10418, 30.25, 13.725],
			"to": [10.30418, 30.3, 14.025],
			"rotation": {"angle": 22.5, "axis": "y", "origin": [9.70418, 14.5, 13.875]},
			"faces": {
				"north": {"uv": [8.5, 1, 8.75, 1.25], "texture": "#0"},
				"east": {"uv": [8.5, 1.25, 8.75, 1.5], "texture": "#0"},
				"south": {"uv": [1.5, 8.5, 1.75, 8.75], "texture": "#0"},
				"west": {"uv": [8.5, 1.5, 8.75, 1.75], "texture": "#0"},
				"up": {"uv": [2, 8.75, 1.75, 8.5], "texture": "#0"},
				"down": {"uv": [8.75, 1.75, 8.5, 2], "texture": "#0"}
			}
		},
		{
			"from": [12.60835, 30.25, 13.725],
			"to": [13.80835, 30.3, 14.025],
			"rotation": {"angle": 22.5, "axis": "y", "origin": [13.20835, 14.5, 13.875]},
			"faces": {
				"north": {"uv": [2, 8.5, 2.25, 8.75], "texture": "#0"},
				"east": {"uv": [8.5, 2, 8.75, 2.25], "texture": "#0"},
				"south": {"uv": [2.25, 8.5, 2.5, 8.75], "texture": "#0"},
				"west": {"uv": [8.5, 2.25, 8.75, 2.5], "texture": "#0"},
				"up": {"uv": [2.75, 8.75, 2.5, 8.5], "texture": "#0"},
				"down": {"uv": [8.75, 2.5, 8.5, 2.75], "texture": "#0"}
			}
		},
		{
			"from": [12.60835, 30.95, 13.725],
			"to": [13.80835, 31, 14.025],
			"rotation": {"angle": 22.5, "axis": "y", "origin": [13.20835, 15.2, 13.875]},
			"faces": {
				"north": {"uv": [2.75, 8.5, 3, 8.75], "texture": "#0"},
				"east": {"uv": [8.5, 2.75, 8.75, 3], "texture": "#0"},
				"south": {"uv": [3, 8.5, 3.25, 8.75], "texture": "#0"},
				"west": {"uv": [8.5, 3, 8.75, 3.25], "texture": "#0"},
				"up": {"uv": [3.5, 8.75, 3.25, 8.5], "texture": "#0"},
				"down": {"uv": [8.75, 3.25, 8.5, 3.5], "texture": "#0"}
			}
		},
		{
			"from": [9.10418, 30.95, 13.725],
			"to": [10.30418, 31, 14.025],
			"rotation": {"angle": 22.5, "axis": "y", "origin": [9.70418, 15.2, 13.875]},
			"faces": {
				"north": {"uv": [3.5, 8.5, 3.75, 8.75], "texture": "#0"},
				"east": {"uv": [8.5, 3.5, 8.75, 3.75], "texture": "#0"},
				"south": {"uv": [3.75, 8.5, 4, 8.75], "texture": "#0"},
				"west": {"uv": [8.5, 3.75, 8.75, 4], "texture": "#0"},
				"up": {"uv": [4.25, 8.75, 4, 8.5], "texture": "#0"},
				"down": {"uv": [8.75, 4, 8.5, 4.25], "texture": "#0"}
			}
		},
		{
			"from": [5.6, 30.95, 13.725],
			"to": [6.8, 31, 14.025],
			"rotation": {"angle": 22.5, "axis": "y", "origin": [6.2, 15.2, 13.875]},
			"faces": {
				"north": {"uv": [4.25, 8.5, 4.5, 8.75], "texture": "#0"},
				"east": {"uv": [8.5, 4.25, 8.75, 4.5], "texture": "#0"},
				"south": {"uv": [4.5, 8.5, 4.75, 8.75], "texture": "#0"},
				"west": {"uv": [8.5, 4.5, 8.75, 4.75], "texture": "#0"},
				"up": {"uv": [5, 8.75, 4.75, 8.5], "texture": "#0"},
				"down": {"uv": [8.75, 4.75, 8.5, 5], "texture": "#0"}
			}
		},
		{
			"from": [7.35209, 30.25, 13.725],
			"to": [8.55209, 30.3, 14.025],
			"rotation": {"angle": -22.5, "axis": "y", "origin": [7.95209, 14.5, 13.875]},
			"faces": {
				"north": {"uv": [5, 8.5, 5.25, 8.75], "texture": "#0"},
				"east": {"uv": [8.5, 5, 8.75, 5.25], "texture": "#0"},
				"south": {"uv": [5.25, 8.5, 5.5, 8.75], "texture": "#0"},
				"west": {"uv": [8.5, 5.25, 8.75, 5.5], "texture": "#0"},
				"up": {"uv": [5.75, 8.75, 5.5, 8.5], "texture": "#0"},
				"down": {"uv": [8.75, 5.5, 8.5, 5.75], "texture": "#0"}
			}
		},
		{
			"from": [10.85626, 30.25, 13.725],
			"to": [12.05626, 30.3, 14.025],
			"rotation": {"angle": -22.5, "axis": "y", "origin": [11.45626, 14.5, 13.875]},
			"faces": {
				"north": {"uv": [5.75, 8.5, 6, 8.75], "texture": "#0"},
				"east": {"uv": [8.5, 5.75, 8.75, 6], "texture": "#0"},
				"south": {"uv": [6, 8.5, 6.25, 8.75], "texture": "#0"},
				"west": {"uv": [8.5, 6, 8.75, 6.25], "texture": "#0"},
				"up": {"uv": [6.5, 8.75, 6.25, 8.5], "texture": "#0"},
				"down": {"uv": [8.75, 6.25, 8.5, 6.5], "texture": "#0"}
			}
		},
		{
			"from": [14.36044, 30.25, 13.725],
			"to": [15.56044, 30.3, 14.025],
			"rotation": {"angle": -22.5, "axis": "y", "origin": [14.96044, 14.5, 13.875]},
			"faces": {
				"north": {"uv": [6.5, 8.5, 6.75, 8.75], "texture": "#0"},
				"east": {"uv": [8.5, 6.5, 8.75, 6.75], "texture": "#0"},
				"south": {"uv": [6.75, 8.5, 7, 8.75], "texture": "#0"},
				"west": {"uv": [8.5, 6.75, 8.75, 7], "texture": "#0"},
				"up": {"uv": [7.25, 8.75, 7, 8.5], "texture": "#0"},
				"down": {"uv": [8.75, 7, 8.5, 7.25], "texture": "#0"}
			}
		},
		{
			"from": [14.36044, 30.95, 13.725],
			"to": [15.56044, 31, 14.025],
			"rotation": {"angle": -22.5, "axis": "y", "origin": [14.96044, 15.2, 13.875]},
			"faces": {
				"north": {"uv": [7.25, 8.5, 7.5, 8.75], "texture": "#0"},
				"east": {"uv": [7.5, 8.5, 7.75, 8.75], "texture": "#0"},
				"south": {"uv": [8.5, 7.5, 8.75, 7.75], "texture": "#0"},
				"west": {"uv": [7.75, 8.5, 8, 8.75], "texture": "#0"},
				"up": {"uv": [8.75, 8, 8.5, 7.75], "texture": "#0"},
				"down": {"uv": [8.25, 8.5, 8, 8.75], "texture": "#0"}
			}
		},
		{
			"from": [10.85626, 30.95, 13.725],
			"to": [12.05626, 31, 14.025],
			"rotation": {"angle": -22.5, "axis": "y", "origin": [11.45626, 15.2, 13.875]},
			"faces": {
				"north": {"uv": [8.5, 8, 8.75, 8.25], "texture": "#0"},
				"east": {"uv": [8.25, 8.5, 8.5, 8.75], "texture": "#0"},
				"south": {"uv": [8.5, 8.25, 8.75, 8.5], "texture": "#0"},
				"west": {"uv": [8.5, 8.5, 8.75, 8.75], "texture": "#0"},
				"up": {"uv": [9, 0.75, 8.75, 0.5], "texture": "#0"},
				"down": {"uv": [9, 0.75, 8.75, 1], "texture": "#0"}
			}
		},
		{
			"from": [7.35209, 30.95, 13.725],
			"to": [8.55209, 31, 14.025],
			"rotation": {"angle": -22.5, "axis": "y", "origin": [7.95209, 15.2, 13.875]},
			"faces": {
				"north": {"uv": [8.75, 1, 9, 1.25], "texture": "#0"},
				"east": {"uv": [8.75, 1.25, 9, 1.5], "texture": "#0"},
				"south": {"uv": [1.5, 8.75, 1.75, 9], "texture": "#0"},
				"west": {"uv": [8.75, 1.5, 9, 1.75], "texture": "#0"},
				"up": {"uv": [2, 9, 1.75, 8.75], "texture": "#0"},
				"down": {"uv": [9, 1.75, 8.75, 2], "texture": "#0"}
			}
		},
		{
			"from": [7.35209, 30.3, 13.725],
			"to": [7.40209, 30.95, 14.025],
			"rotation": {"angle": -22.5, "axis": "y", "origin": [7.95209, 15.5, 13.875]},
			"faces": {
				"north": {"uv": [2, 8.75, 2.25, 9], "texture": "#0"},
				"east": {"uv": [8.75, 2, 9, 2.25], "texture": "#0"},
				"south": {"uv": [2.25, 8.75, 2.5, 9], "texture": "#0"},
				"west": {"uv": [8.75, 2.25, 9, 2.5], "texture": "#0"},
				"up": {"uv": [2.75, 9, 2.5, 8.75], "texture": "#0"},
				"down": {"uv": [9, 2.5, 8.75, 2.75], "texture": "#0"}
			}
		},
		{
			"from": [10.85626, 30.3, 13.725],
			"to": [10.90626, 30.95, 14.025],
			"rotation": {"angle": -22.5, "axis": "y", "origin": [11.45626, 15.5, 13.875]},
			"faces": {
				"north": {"uv": [2.75, 8.75, 3, 9], "texture": "#0"},
				"east": {"uv": [8.75, 2.75, 9, 3], "texture": "#0"},
				"south": {"uv": [3, 8.75, 3.25, 9], "texture": "#0"},
				"west": {"uv": [8.75, 3, 9, 3.25], "texture": "#0"},
				"up": {"uv": [3.5, 9, 3.25, 8.75], "texture": "#0"},
				"down": {"uv": [9, 3.25, 8.75, 3.5], "texture": "#0"}
			}
		},
		{
			"from": [14.36044, 30.3, 13.725],
			"to": [14.41044, 30.95, 14.025],
			"rotation": {"angle": -22.5, "axis": "y", "origin": [14.96044, 15.5, 13.875]},
			"faces": {
				"north": {"uv": [3.5, 8.75, 3.75, 9], "texture": "#0"},
				"east": {"uv": [8.75, 3.5, 9, 3.75], "texture": "#0"},
				"south": {"uv": [3.75, 8.75, 4, 9], "texture": "#0"},
				"west": {"uv": [8.75, 3.75, 9, 4], "texture": "#0"},
				"up": {"uv": [4.25, 9, 4, 8.75], "texture": "#0"},
				"down": {"uv": [9, 4, 8.75, 4.25], "texture": "#0"}
			}
		},
		{
			"from": [15.4229, 30.3, 14.16509],
			"to": [15.4729, 30.95, 14.46509],
			"rotation": {"angle": -22.5, "axis": "y", "origin": [16.0229, 15.5, 14.31509]},
			"faces": {
				"north": {"uv": [4.25, 8.75, 4.5, 9], "texture": "#0"},
				"east": {"uv": [8.75, 4.25, 9, 4.5], "texture": "#0"},
				"south": {"uv": [4.5, 8.75, 4.75, 9], "texture": "#0"},
				"west": {"uv": [8.75, 4.5, 9, 4.75], "texture": "#0"},
				"up": {"uv": [5, 9, 4.75, 8.75], "texture": "#0"},
				"down": {"uv": [9, 4.75, 8.75, 5], "texture": "#0"}
			}
		},
		{
			"from": [11.91873, 30.3, 14.16509],
			"to": [11.96873, 30.95, 14.46509],
			"rotation": {"angle": -22.5, "axis": "y", "origin": [12.51873, 15.5, 14.31509]},
			"faces": {
				"north": {"uv": [5, 8.75, 5.25, 9], "texture": "#0"},
				"east": {"uv": [8.75, 5, 9, 5.25], "texture": "#0"},
				"south": {"uv": [5.25, 8.75, 5.5, 9], "texture": "#0"},
				"west": {"uv": [8.75, 5.25, 9, 5.5], "texture": "#0"},
				"up": {"uv": [5.75, 9, 5.5, 8.75], "texture": "#0"},
				"down": {"uv": [9, 5.5, 8.75, 5.75], "texture": "#0"}
			}
		},
		{
			"from": [8.41455, 30.3, 14.16509],
			"to": [8.46455, 30.95, 14.46509],
			"rotation": {"angle": -22.5, "axis": "y", "origin": [9.01455, 15.5, 14.31509]},
			"faces": {
				"north": {"uv": [5.75, 8.75, 6, 9], "texture": "#0"},
				"east": {"uv": [8.75, 5.75, 9, 6], "texture": "#0"},
				"south": {"uv": [6, 8.75, 6.25, 9], "texture": "#0"},
				"west": {"uv": [8.75, 6, 9, 6.25], "texture": "#0"},
				"up": {"uv": [6.5, 9, 6.25, 8.75], "texture": "#0"},
				"down": {"uv": [9, 6.25, 8.75, 6.5], "texture": "#0"}
			}
		},
		{
			"from": [12.60835, 30.3, 13.75],
			"to": [12.65835, 30.95, 14],
			"rotation": {"angle": 22.5, "axis": "y", "origin": [13.20835, 15.5, 13.875]},
			"faces": {
				"north": {"uv": [6.5, 8.75, 6.75, 9], "texture": "#0"},
				"east": {"uv": [8.75, 6.5, 9, 6.75], "texture": "#0"},
				"south": {"uv": [6.75, 8.75, 7, 9], "texture": "#0"},
				"west": {"uv": [8.75, 6.75, 9, 7], "texture": "#0"},
				"up": {"uv": [7.25, 9, 7, 8.75], "texture": "#0"},
				"down": {"uv": [9, 7, 8.75, 7.25], "texture": "#0"}
			}
		},
		{
			"from": [9.10418, 30.3, 13.75],
			"to": [9.15418, 30.95, 14],
			"rotation": {"angle": 22.5, "axis": "y", "origin": [9.70418, 15.5, 13.875]},
			"faces": {
				"north": {"uv": [7.25, 8.75, 7.5, 9], "texture": "#0"},
				"east": {"uv": [7.5, 8.75, 7.75, 9], "texture": "#0"},
				"south": {"uv": [8.75, 7.5, 9, 7.75], "texture": "#0"},
				"west": {"uv": [7.75, 8.75, 8, 9], "texture": "#0"},
				"up": {"uv": [9, 8, 8.75, 7.75], "texture": "#0"},
				"down": {"uv": [8.25, 8.75, 8, 9], "texture": "#0"}
			}
		},
		{
			"from": [5.6, 30.3, 13.75],
			"to": [5.65, 30.95, 14],
			"rotation": {"angle": 22.5, "axis": "y", "origin": [6.2, 15.5, 13.875]},
			"faces": {
				"north": {"uv": [8.75, 8, 9, 8.25], "texture": "#0"},
				"east": {"uv": [8.25, 8.75, 8.5, 9], "texture": "#0"},
				"south": {"uv": [8.75, 8.25, 9, 8.5], "texture": "#0"},
				"west": {"uv": [8.5, 8.75, 8.75, 9], "texture": "#0"},
				"up": {"uv": [9, 8.75, 8.75, 8.5], "texture": "#0"},
				"down": {"uv": [9, 8.75, 8.75, 9], "texture": "#0"}
			}
		},
		{
			"from": [13.66125, 30.3, 13.28682],
			"to": [13.71125, 30.95, 13.53682],
			"rotation": {"angle": 22.5, "axis": "y", "origin": [14.26125, 15.5, 13.41182]},
			"faces": {
				"north": {"uv": [9, 0.5, 9.25, 0.75], "texture": "#0"},
				"east": {"uv": [9, 0.75, 9.25, 1], "texture": "#0"},
				"south": {"uv": [9, 1, 9.25, 1.25], "texture": "#0"},
				"west": {"uv": [9, 1.25, 9.25, 1.5], "texture": "#0"},
				"up": {"uv": [1.75, 9.25, 1.5, 9], "texture": "#0"},
				"down": {"uv": [9.25, 1.5, 9, 1.75], "texture": "#0"}
			}
		},
		{
			"from": [10.15707, 30.3, 13.28682],
			"to": [10.20707, 30.95, 13.53682],
			"rotation": {"angle": 22.5, "axis": "y", "origin": [10.75707, 15.5, 13.41182]},
			"faces": {
				"north": {"uv": [1.75, 9, 2, 9.25], "texture": "#0"},
				"east": {"uv": [9, 1.75, 9.25, 2], "texture": "#0"},
				"south": {"uv": [2, 9, 2.25, 9.25], "texture": "#0"},
				"west": {"uv": [9, 2, 9.25, 2.25], "texture": "#0"},
				"up": {"uv": [2.5, 9.25, 2.25, 9], "texture": "#0"},
				"down": {"uv": [9.25, 2.25, 9, 2.5], "texture": "#0"}
			}
		},
		{
			"from": [6.65289, 30.3, 13.28682],
			"to": [6.70289, 30.95, 13.53682],
			"rotation": {"angle": 22.5, "axis": "y", "origin": [7.25289, 15.5, 13.41182]},
			"faces": {
				"north": {"uv": [2.5, 9, 2.75, 9.25], "texture": "#0"},
				"east": {"uv": [9, 2.5, 9.25, 2.75], "texture": "#0"},
				"south": {"uv": [2.75, 9, 3, 9.25], "texture": "#0"},
				"west": {"uv": [9, 2.75, 9.25, 3], "texture": "#0"},
				"up": {"uv": [3.25, 9.25, 3, 9], "texture": "#0"},
				"down": {"uv": [9.25, 3, 9, 3.25], "texture": "#0"}
			}
		},
		{
			"from": [-1, 30.475, 13.75],
			"to": [16, 30.95, 13.975],
			"faces": {
				"north": {"uv": [1.5, 7.25, 5.75, 7.5], "texture": "#0"},
				"east": {"uv": [3.25, 9, 3.5, 9.25], "texture": "#0"},
				"south": {"uv": [5.75, 7.25, 10, 7.5], "texture": "#0"},
				"west": {"uv": [9, 3.25, 9.25, 3.5], "texture": "#0"},
				"up": {"uv": [11.75, 0.25, 7.5, 0], "texture": "#0"},
				"down": {"uv": [11.75, 0.25, 7.5, 0.5], "texture": "#0"}
			}
		},
		{
			"from": [15.94743, 30.475, 13.71073],
			"to": [16.19743, 30.95, 13.93573],
			"rotation": {"angle": 22.5, "axis": "y", "origin": [16.07243, 30.7125, 13.82323]},
			"faces": {
				"north": {"uv": [3.5, 9, 3.75, 9.25], "texture": "#0"},
				"east": {"uv": [9, 3.5, 9.25, 3.75], "texture": "#0"},
				"south": {"uv": [3.75, 9, 4, 9.25], "texture": "#0"},
				"west": {"uv": [9, 3.75, 9.25, 4], "texture": "#0"},
				"up": {"uv": [4.25, 9.25, 4, 9], "texture": "#0"},
				"down": {"uv": [9.25, 4, 9, 4.25], "texture": "#0"}
			}
		},
		{
			"from": [16.11481, 30.475, 13.59889],
			"to": [16.36481, 30.95, 13.82389],
			"rotation": {"angle": 45, "axis": "y", "origin": [16.23981, 30.7125, 13.71139]},
			"faces": {
				"north": {"uv": [4.25, 9, 4.5, 9.25], "texture": "#0"},
				"east": {"uv": [9, 4.25, 9.25, 4.5], "texture": "#0"},
				"south": {"uv": [4.5, 9, 4.75, 9.25], "texture": "#0"},
				"west": {"uv": [9, 4.5, 9.25, 4.75], "texture": "#0"},
				"up": {"uv": [5, 9.25, 4.75, 9], "texture": "#0"},
				"down": {"uv": [9.25, 4.75, 9, 5], "texture": "#0"}
			}
		},
		{
			"from": [16, 30.475, 13.75],
			"to": [16.25, 30.95, 13.975],
			"faces": {
				"north": {"uv": [5, 9, 5.25, 9.25], "texture": "#0"},
				"east": {"uv": [9, 5, 9.25, 5.25], "texture": "#0"},
				"south": {"uv": [5.25, 9, 5.5, 9.25], "texture": "#0"},
				"west": {"uv": [9, 5.25, 9.25, 5.5], "texture": "#0"},
				"up": {"uv": [5.75, 9.25, 5.5, 9], "texture": "#0"},
				"down": {"uv": [9.25, 5.5, 9, 5.75], "texture": "#0"}
			}
		},
		{
			"from": [16.19743, 30.475, 13.78927],
			"to": [16.44743, 30.95, 14.01427],
			"rotation": {"angle": -22.5, "axis": "y", "origin": [16.32243, 30.7125, 13.90177]},
			"faces": {
				"north": {"uv": [5.75, 9, 6, 9.25], "texture": "#0"},
				"east": {"uv": [9, 5.75, 9.25, 6], "texture": "#0"},
				"south": {"uv": [6, 9, 6.25, 9.25], "texture": "#0"},
				"west": {"uv": [9, 6, 9.25, 6.25], "texture": "#0"},
				"up": {"uv": [6.5, 9.25, 6.25, 9], "texture": "#0"},
				"down": {"uv": [9.25, 6.25, 9, 6.5], "texture": "#0"}
			}
		},
		{
			"from": [16.23915, 30.475, 13.41902],
			"to": [16.46415, 30.95, 13.66902],
			"rotation": {"angle": -22.5, "axis": "y", "origin": [16.35165, 30.7125, 13.54402]},
			"faces": {
				"north": {"uv": [6.5, 9, 6.75, 9.25], "texture": "#0"},
				"east": {"uv": [9, 6.5, 9.25, 6.75], "texture": "#0"},
				"south": {"uv": [6.75, 9, 7, 9.25], "texture": "#0"},
				"west": {"uv": [9, 6.75, 9.25, 7], "texture": "#0"},
				"up": {"uv": [7.25, 9.25, 7, 9], "texture": "#0"},
				"down": {"uv": [9.25, 7, 9, 7.25], "texture": "#0"}
			}
		},
		{
			"from": [16.36481, 30.475, 13.90111],
			"to": [16.61481, 30.95, 14.12611],
			"rotation": {"angle": -45, "axis": "y", "origin": [16.48981, 30.7125, 14.01361]},
			"faces": {
				"north": {"uv": [7.25, 9, 7.5, 9.25], "texture": "#0"},
				"east": {"uv": [7.5, 9, 7.75, 9.25], "texture": "#0"},
				"south": {"uv": [9, 7.5, 9.25, 7.75], "texture": "#0"},
				"west": {"uv": [7.75, 9, 8, 9.25], "texture": "#0"},
				"up": {"uv": [9.25, 8, 9, 7.75], "texture": "#0"},
				"down": {"uv": [8.25, 9, 8, 9.25], "texture": "#0"}
			}
		}
	],
	"display": {
		"thirdperson_righthand": {
			"translation": [-1.25, 0, -2.5],
			"scale": [0.52, 0.52, 0.52]
		},
		"thirdperson_lefthand": {
			"translation": [1.25, 0, -2.5],
			"scale": [0.52, 0.52, 0.52]
		},
		"firstperson_righthand": {
			"rotation": [-16, 0, 0],
			"translation": [-0.75, -2.25, 1],
			"scale": [0.52, 0.52, 0.52]
		},
		"firstperson_lefthand": {
			"rotation": [-16, 0, 0],
			"translation": [-0.75, -2.25, 1],
			"scale": [0.52, 0.52, 0.52]
		},
		"ground": {
			"rotation": [0, -18, 0],
			"translation": [1.25, -9.25, -5.5]
		},
		"gui": {
			"rotation": [-12, 180, 18],
			"translation": [-0.5, -2.5, 0],
			"scale": [0.44, 0.44, 0.44]
		},
		"head": {
			"translation": [-7, -7, -18.5],
			"scale": [2.94, 2.94, 2.94]
		},
		"fixed": {
			"translation": [-7.75, 10.5, -28.25],
			"scale": [4, 4, 4]
		}
	}
}