{
	"credit": "Made with Blockbench",
	"texture_size": [64, 64],
	"textures": {
		"0": "Land mine on",
		"particle": "Land mine on"
	},
	"elements": [
		{
			"from": [0, 0, 0],
			"to": [16, 1, 16],
			"faces": {
				"north": {"uv": [4, 6, 8, 6.25], "texture": "#0"},
				"east": {"uv": [4, 6.25, 8, 6.5], "texture": "#0"},
				"south": {"uv": [4, 6.5, 8, 6.75], "texture": "#0"},
				"west": {"uv": [4, 6.75, 8, 7], "texture": "#0"},
				"up": {"uv": [4, 4, 0, 0], "texture": "#0"},
				"down": {"uv": [4, 4, 0, 8], "texture": "#0"}
			}
		},
		{
			"from": [2, 1, 2],
			"to": [14, 2, 14],
			"faces": {
				"north": {"uv": [7, 0, 10, 0.25], "texture": "#0"},
				"east": {"uv": [7, 0.25, 10, 0.5], "texture": "#0"},
				"south": {"uv": [7, 0.5, 10, 0.75], "texture": "#0"},
				"west": {"uv": [7, 0.75, 10, 1], "texture": "#0"},
				"up": {"uv": [7, 3, 4, 0], "texture": "#0"},
				"down": {"uv": [7, 3, 4, 6], "texture": "#0"}
			}
		},
		{
			"from": [5, 1, 15],
			"to": [11, 2, 16],
			"faces": {
				"north": {"uv": [7, 1, 8.5, 1.25], "texture": "#0"},
				"east": {"uv": [7, 2, 7.25, 2.25], "texture": "#0"},
				"south": {"uv": [7, 1.25, 8.5, 1.5], "texture": "#0"},
				"west": {"uv": [7, 2.25, 7.25, 2.5], "texture": "#0"},
				"up": {"uv": [8.5, 1.75, 7, 1.5], "texture": "#0"},
				"down": {"uv": [8.5, 1.75, 7, 2], "texture": "#0"}
			}
		}
	],
	"display": {
		"thirdperson_righthand": {
			"translation": [0, 3.75, 0],
			"scale": [0.5, 0.5, 0.5]
		},
		"thirdperson_lefthand": {
			"translation": [0, 3.75, 0],
			"scale": [0.5, 0.5, 0.5]
		},
		"firstperson_righthand": {
			"translation": [7.25, 6.25, 0]
		},
		"firstperson_lefthand": {
			"translation": [3.5, 5.75, 0]
		},
		"ground": {
			"translation": [0, 3.5, 0],
			"scale": [0.5, 0.5, 0.5]
		},
		"gui": {
			"rotation": [70, 35, 0],
			"translation": [0, 2, 0],
			"scale": [0.75, 0.75, 0.75]
		}
	}
}