{
	"credit": "Made with Blockbench",
	"texture_size": [32, 32],
	"textures": {
		"0": "redy modern texture's/modern shelves",
		"particle": "redy modern texture's/modern shelves"
	},
	"elements": [
		{
			"from": [4, 0, 13.75],
			"to": [11, 1, 16],
			"faces": {
				"north": {"uv": [8, 4, 12, 4.5], "texture": "#0"},
				"east": {"uv": [9.5, 6.5, 10.5, 7], "texture": "#0"},
				"south": {"uv": [4.5, 8, 8.5, 8.5], "texture": "#0"},
				"west": {"uv": [9.5, 7, 10.5, 7.5], "texture": "#0"},
				"up": {"uv": [4, 1, 0, 0], "texture": "#0"},
				"down": {"uv": [4, 1, 0, 2], "texture": "#0"}
			}
		},
		{
			"from": [6, 8, 13.75],
			"to": [11, 9, 16],
			"faces": {
				"north": {"uv": [9.5, 2.5, 12, 3], "texture": "#0"},
				"east": {"uv": [7.5, 9.5, 8.5, 10], "texture": "#0"},
				"south": {"uv": [9.5, 3, 12, 3.5], "texture": "#0"},
				"west": {"uv": [9.5, 7.5, 10.5, 8], "texture": "#0"},
				"up": {"uv": [8.5, 8, 6, 7], "texture": "#0"},
				"down": {"uv": [10.5, 0, 8, 1], "texture": "#0"}
			}
		},
		{
			"from": [10, 0, 13.75],
			"to": [11, 8, 16],
			"faces": {
				"north": {"uv": [4.5, 8.5, 5, 12.5], "texture": "#0"},
				"east": {"uv": [0, 2, 1, 6], "texture": "#0"},
				"south": {"uv": [8.5, 4.5, 9, 8.5], "texture": "#0"},
				"west": {"uv": [1, 2, 2, 6], "texture": "#0"},
				"up": {"uv": [8.5, 5.5, 8, 4.5], "texture": "#0"},
				"down": {"uv": [8.5, 5.5, 8, 6.5], "texture": "#0"}
			}
		},
		{
			"from": [3, 0, 13.75],
			"to": [4, 6, 16],
			"faces": {
				"north": {"uv": [0, 9.5, 0.5, 12.5], "texture": "#0"},
				"east": {"uv": [6, 4, 7, 7], "texture": "#0"},
				"south": {"uv": [0.5, 9.5, 1, 12.5], "texture": "#0"},
				"west": {"uv": [7, 4, 8, 7], "texture": "#0"},
				"up": {"uv": [10, 9, 9.5, 8], "texture": "#0"},
				"down": {"uv": [9, 9.5, 8.5, 10.5], "texture": "#0"}
			}
		},
		{
			"from": [8, 11, 14],
			"to": [16, 12, 16],
			"faces": {
				"north": {"uv": [5, 8.5, 9, 9], "texture": "#0"},
				"east": {"uv": [9, 9.5, 10, 10], "texture": "#0"},
				"south": {"uv": [9, 4.5, 13, 5], "texture": "#0"},
				"west": {"uv": [5, 10, 6, 10.5], "texture": "#0"},
				"up": {"uv": [6, 3, 2, 2], "texture": "#0"},
				"down": {"uv": [6, 3, 2, 4], "texture": "#0"}
			}
		},
		{
			"from": [15, 5, 14],
			"to": [16, 11, 16],
			"faces": {
				"north": {"uv": [4, 9, 4.5, 12.5], "texture": "#0"},
				"east": {"uv": [0, 6, 1, 9.5], "texture": "#0"},
				"south": {"uv": [9, 5.5, 9.5, 9], "texture": "#0"},
				"west": {"uv": [1, 6, 2, 9.5], "texture": "#0"},
				"up": {"uv": [6.5, 11, 6, 10], "texture": "#0"},
				"down": {"uv": [7, 10, 6.5, 11], "texture": "#0"}
			}
		},
		{
			"from": [8, 9, 14],
			"to": [9, 11, 16],
			"faces": {
				"north": {"uv": [7, 10, 7.5, 11], "texture": "#0"},
				"east": {"uv": [1, 9.5, 2, 10.5], "texture": "#0"},
				"south": {"uv": [7.5, 10, 8, 11], "texture": "#0"},
				"west": {"uv": [9.5, 5.5, 10.5, 6.5], "texture": "#0"},
				"up": {"uv": [8.5, 11, 8, 10], "texture": "#0"},
				"down": {"uv": [10.5, 8, 10, 9], "texture": "#0"}
			}
		},
		{
			"from": [-2, 14, 13.65],
			"to": [6, 15, 16],
			"faces": {
				"north": {"uv": [5, 9, 9, 9.5], "texture": "#0"},
				"east": {"uv": [9, 10, 10, 10.5], "texture": "#0"},
				"south": {"uv": [9, 5, 13, 5.5], "texture": "#0"},
				"west": {"uv": [10, 9.5, 11, 10], "texture": "#0"},
				"up": {"uv": [8, 1, 4, 0], "texture": "#0"},
				"down": {"uv": [8, 1, 4, 2], "texture": "#0"}
			}
		},
		{
			"from": [5, 6, 13.65],
			"to": [6, 14, 16],
			"faces": {
				"north": {"uv": [2, 9, 2.5, 13], "texture": "#0"},
				"east": {"uv": [2, 4, 3, 8], "texture": "#0"},
				"south": {"uv": [2.5, 9, 3, 13], "texture": "#0"},
				"west": {"uv": [3, 4, 4, 8], "texture": "#0"},
				"up": {"uv": [10.5, 11, 10, 10], "texture": "#0"},
				"down": {"uv": [11, 0, 10.5, 1], "texture": "#0"}
			}
		},
		{
			"from": [-2, 6, 13.65],
			"to": [5, 7, 16],
			"faces": {
				"north": {"uv": [9, 9, 12.5, 9.5], "texture": "#0"},
				"east": {"uv": [1, 10.5, 2, 11], "texture": "#0"},
				"south": {"uv": [9.5, 2, 13, 2.5], "texture": "#0"},
				"west": {"uv": [10.5, 1, 11.5, 1.5], "texture": "#0"},
				"up": {"uv": [9.5, 3, 6, 2], "texture": "#0"},
				"down": {"uv": [9.5, 3, 6, 4], "texture": "#0"}
			}
		},
		{
			"from": [-2, 7, 13.65],
			"to": [-1, 14, 16],
			"faces": {
				"north": {"uv": [3, 9, 3.5, 13], "texture": "#0"},
				"east": {"uv": [4, 4, 5, 8], "texture": "#0"},
				"south": {"uv": [3.5, 9, 4, 13], "texture": "#0"},
				"west": {"uv": [5, 4, 6, 8], "texture": "#0"},
				"up": {"uv": [5.5, 11.5, 5, 10.5], "texture": "#0"},
				"down": {"uv": [6, 10.5, 5.5, 11.5], "texture": "#0"}
			}
		},
		{
			"from": [11, 4, 14],
			"to": [16, 5, 16],
			"faces": {
				"north": {"uv": [9.5, 3.5, 12, 4], "texture": "#0"},
				"east": {"uv": [10.5, 1.5, 11.5, 2], "texture": "#0"},
				"south": {"uv": [5, 9.5, 7.5, 10], "texture": "#0"},
				"west": {"uv": [10.5, 5.5, 11.5, 6], "texture": "#0"},
				"up": {"uv": [10.5, 2, 8, 1], "texture": "#0"},
				"down": {"uv": [4.5, 8, 2, 9], "texture": "#0"}
			}
		}
	],
	"display": {
		"thirdperson_righthand": {
			"rotation": [24, 0, 0],
			"translation": [0, 3.25, -6],
			"scale": [0.66602, 0.66602, 1]
		},
		"thirdperson_lefthand": {
			"rotation": [24, 0, 0],
			"translation": [0, 3.25, -6],
			"scale": [0.66602, 0.66602, 1]
		},
		"firstperson_righthand": {
			"translation": [-1.5, 2.75, -4.25],
			"scale": [0.66602, 0.66602, 1]
		},
		"firstperson_lefthand": {
			"translation": [-1.5, 2.75, -4.25],
			"scale": [0.66602, 0.66602, 1]
		},
		"ground": {
			"translation": [1, 4.25, -6.75]
		},
		"gui": {
			"rotation": [30, 146, 5],
			"translation": [-4.25, -1.25, 0],
			"scale": [0.91, 0.91, 0.91]
		},
		"head": {
			"translation": [2.5, -29.75, 0],
			"scale": [1.68, 1.68, 1]
		},
		"fixed": {
			"translation": [2, 5.5, -18.25],
			"scale": [2.45, 2.45, 2.45]
		}
	}
}