{
	"credit": "Made with Blockbench",
	"texture_size": [64, 64],
	"textures": {
		"0": "block/Table",
		"particle": "block/Table"
	},
	"elements": [
		{
			"from": [-1, 6, -1],
			"to": [17, 6.5, 17],
			"faces": {
				"north": {"uv": [4.5, 0, 9, 0.25], "texture": "#0"},
				"east": {"uv": [4.5, 0.25, 9, 0.5], "texture": "#0"},
				"south": {"uv": [4.5, 0.5, 9, 0.75], "texture": "#0"},
				"west": {"uv": [4.5, 0.75, 9, 1], "texture": "#0"},
				"up": {"uv": [4.5, 4.5, 0, 0], "texture": "#0"},
				"down": {"uv": [4.5, 4.5, 0, 9], "texture": "#0"}
			}
		},
		{
			"from": [0.25, 3.75, -0.5],
			"to": [0.75, 4.25, 8.25],
			"rotation": {"angle": 45, "axis": "x", "origin": [15.5, 4, 2.5]},
			"faces": {
				"north": {"uv": [7, 4, 7.25, 4.25], "texture": "#0"},
				"east": {"uv": [4.5, 1, 6.75, 1.25], "texture": "#0"},
				"south": {"uv": [7.25, 1.5, 7.5, 1.75], "texture": "#0"},
				"west": {"uv": [4.5, 1.25, 6.75, 1.5], "texture": "#0"},
				"up": {"uv": [4.75, 3.75, 4.5, 1.5], "texture": "#0"},
				"down": {"uv": [4.75, 3.75, 4.5, 6], "texture": "#0"}
			}
		},
		{
			"from": [15.25, 3.75, -0.5],
			"to": [15.75, 4.25, 8.25],
			"rotation": {"angle": 45, "axis": "x", "origin": [15.5, 4, 2.5]},
			"faces": {
				"north": {"uv": [7.25, 1.75, 7.5, 2], "texture": "#0"},
				"east": {"uv": [4.75, 1.5, 7, 1.75], "texture": "#0"},
				"south": {"uv": [7.25, 2, 7.5, 2.25], "texture": "#0"},
				"west": {"uv": [4.75, 1.75, 7, 2], "texture": "#0"},
				"up": {"uv": [5, 4.25, 4.75, 2], "texture": "#0"},
				"down": {"uv": [5, 4.25, 4.75, 6.5], "texture": "#0"}
			}
		},
		{
			"from": [15.25, -1.75, 13.25],
			"to": [15.75, 7, 13.75],
			"rotation": {"angle": 45, "axis": "x", "origin": [15.5, 4, 13.5]},
			"faces": {
				"north": {"uv": [5, 2, 5.25, 4.25], "texture": "#0"},
				"east": {"uv": [5, 4.25, 5.25, 6.5], "texture": "#0"},
				"south": {"uv": [5.25, 2, 5.5, 4.25], "texture": "#0"},
				"west": {"uv": [5.25, 4.25, 5.5, 6.5], "texture": "#0"},
				"up": {"uv": [7.5, 2.5, 7.25, 2.25], "texture": "#0"},
				"down": {"uv": [7.5, 3, 7.25, 3.25], "texture": "#0"}
			}
		},
		{
			"from": [0.25, -1.75, 13.25],
			"to": [0.75, 7, 13.75],
			"rotation": {"angle": 45, "axis": "x", "origin": [15.5, 4, 13.5]},
			"faces": {
				"north": {"uv": [5.5, 2, 5.75, 4.25], "texture": "#0"},
				"east": {"uv": [5.5, 4.25, 5.75, 6.5], "texture": "#0"},
				"south": {"uv": [5.75, 2, 6, 4.25], "texture": "#0"},
				"west": {"uv": [5.75, 4.25, 6, 6.5], "texture": "#0"},
				"up": {"uv": [7.5, 3.5, 7.25, 3.25], "texture": "#0"},
				"down": {"uv": [7.5, 3.5, 7.25, 3.75], "texture": "#0"}
			}
		},
		{
			"from": [2.25, -1.75, 0.25],
			"to": [2.75, 7, 0.75],
			"rotation": {"angle": 45, "axis": "z", "origin": [2.5, 4, 0.5]},
			"faces": {
				"north": {"uv": [6, 2, 6.25, 4.25], "texture": "#0"},
				"east": {"uv": [6, 4.25, 6.25, 6.5], "texture": "#0"},
				"south": {"uv": [4.5, 6, 4.75, 8.25], "texture": "#0"},
				"west": {"uv": [6.25, 2, 6.5, 4.25], "texture": "#0"},
				"up": {"uv": [7.5, 4, 7.25, 3.75], "texture": "#0"},
				"down": {"uv": [7.5, 4, 7.25, 4.25], "texture": "#0"}
			}
		},
		{
			"from": [13.25, -1.75, 0.25],
			"to": [13.75, 7, 0.75],
			"rotation": {"angle": -45, "axis": "z", "origin": [13.5, 4, 8]},
			"faces": {
				"north": {"uv": [6.25, 4.25, 6.5, 6.5], "texture": "#0"},
				"east": {"uv": [6.5, 2, 6.75, 4.25], "texture": "#0"},
				"south": {"uv": [6.5, 4.25, 6.75, 6.5], "texture": "#0"},
				"west": {"uv": [4.75, 6.5, 5, 8.75], "texture": "#0"},
				"up": {"uv": [7.5, 6.5, 7.25, 6.25], "texture": "#0"},
				"down": {"uv": [7.5, 6.5, 7.25, 6.75], "texture": "#0"}
			}
		},
		{
			"from": [13.25, -1.75, 15.25],
			"to": [13.75, 7, 15.75],
			"rotation": {"angle": -45, "axis": "z", "origin": [13.5, 4, 8]},
			"faces": {
				"north": {"uv": [5, 6.5, 5.25, 8.75], "texture": "#0"},
				"east": {"uv": [5.25, 6.5, 5.5, 8.75], "texture": "#0"},
				"south": {"uv": [5.5, 6.5, 5.75, 8.75], "texture": "#0"},
				"west": {"uv": [5.75, 6.5, 6, 8.75], "texture": "#0"},
				"up": {"uv": [7, 7.5, 6.75, 7.25], "texture": "#0"},
				"down": {"uv": [7.5, 6.75, 7.25, 7], "texture": "#0"}
			}
		},
		{
			"from": [2.25, -1.75, 15.25],
			"to": [2.75, 7, 15.75],
			"rotation": {"angle": 45, "axis": "z", "origin": [2.5, 4, 0.5]},
			"faces": {
				"north": {"uv": [6, 6.5, 6.25, 8.75], "texture": "#0"},
				"east": {"uv": [6.25, 6.5, 6.5, 8.75], "texture": "#0"},
				"south": {"uv": [6.5, 6.5, 6.75, 8.75], "texture": "#0"},
				"west": {"uv": [6.75, 2, 7, 4.25], "texture": "#0"},
				"up": {"uv": [7.25, 7.5, 7, 7.25], "texture": "#0"},
				"down": {"uv": [7.5, 7, 7.25, 7.25], "texture": "#0"}
			}
		},
		{
			"from": [6.25, -0.05, 0.25],
			"to": [9.8, 0.45, 0.75],
			"faces": {
				"north": {"uv": [6.75, 1, 7.75, 1.25], "texture": "#0"},
				"east": {"uv": [7.25, 7.25, 7.5, 7.5], "texture": "#0"},
				"south": {"uv": [6.75, 1.25, 7.75, 1.5], "texture": "#0"},
				"west": {"uv": [7.5, 1.5, 7.75, 1.75], "texture": "#0"},
				"up": {"uv": [7.75, 4.5, 6.75, 4.25], "texture": "#0"},
				"down": {"uv": [7.75, 4.5, 6.75, 4.75], "texture": "#0"}
			}
		},
		{
			"from": [6.25, -0.05, 15.25],
			"to": [9.8, 0.45, 15.75],
			"faces": {
				"north": {"uv": [6.75, 4.75, 7.75, 5], "texture": "#0"},
				"east": {"uv": [7.5, 1.75, 7.75, 2], "texture": "#0"},
				"south": {"uv": [6.75, 5, 7.75, 5.25], "texture": "#0"},
				"west": {"uv": [7.5, 2, 7.75, 2.25], "texture": "#0"},
				"up": {"uv": [7.75, 5.5, 6.75, 5.25], "texture": "#0"},
				"down": {"uv": [7.75, 5.5, 6.75, 5.75], "texture": "#0"}
			}
		},
		{
			"from": [15.25, -0.05, 6],
			"to": [15.75, 0.45, 9.55],
			"faces": {
				"north": {"uv": [7.5, 2.25, 7.75, 2.5], "texture": "#0"},
				"east": {"uv": [6.75, 5.75, 7.75, 6], "texture": "#0"},
				"south": {"uv": [7.5, 3, 7.75, 3.25], "texture": "#0"},
				"west": {"uv": [6.75, 6, 7.75, 6.25], "texture": "#0"},
				"up": {"uv": [7, 7.25, 6.75, 6.25], "texture": "#0"},
				"down": {"uv": [7.25, 1.5, 7, 2.5], "texture": "#0"}
			}
		},
		{
			"from": [0.25, -0.05, 6],
			"to": [0.75, 0.45, 9.55],
			"faces": {
				"north": {"uv": [7.5, 3.25, 7.75, 3.5], "texture": "#0"},
				"east": {"uv": [7, 2.5, 8, 2.75], "texture": "#0"},
				"south": {"uv": [7.5, 3.5, 7.75, 3.75], "texture": "#0"},
				"west": {"uv": [7, 2.75, 8, 3], "texture": "#0"},
				"up": {"uv": [7.25, 4, 7, 3], "texture": "#0"},
				"down": {"uv": [7.25, 6.25, 7, 7.25], "texture": "#0"}
			}
		}
	],
	"display": {
		"thirdperson_righthand": {
			"translation": [0, 1.25, 0],
			"scale": [0.30469, 0.30469, 0.30469]
		},
		"thirdperson_lefthand": {
			"translation": [0, 1.25, 0],
			"scale": [0.30469, 0.30469, 0.30469]
		},
		"firstperson_righthand": {
			"translation": [0, 3.25, 0],
			"scale": [0.30469, 0.30469, 0.30469]
		},
		"firstperson_lefthand": {
			"translation": [0, 3.25, 0],
			"scale": [0.30469, 0.30469, 0.30469]
		},
		"ground": {
			"translation": [0, 0.5, 0],
			"scale": [0.54, 0.54, 0.54]
		},
		"gui": {
			"rotation": [39, 55, -33],
			"translation": [-0.25, 2.25, 0],
			"scale": [0.67, 0.67, 0.67]
		},
		"head": {
			"translation": [0, -27.25, 0],
			"scale": [1.97461, 1.97461, 1.97461]
		},
		"fixed": {
			"rotation": [0, 45, 0],
			"translation": [0, 3.5, -22.5],
			"scale": [2.6, 2.46, 2.64]
		}
	}
}