{
	"credit": "Made with Blockbench",
	"texture_size": [32, 32],
	"textures": {
		"0": "block/TV",
		"1": "OneDrive/Зображення/some textures from blockbench and photos/Quartz",
		"2": "black_wool",
		"3": "block/Tea pot",
		"particle": "block/TV"
	},
	"elements": [
		{
			"from": [-4.30087, -0.03272, 2.44227],
			"to": [18.27833, 0.77368, 9.96867],
			"faces": {
				"north": {"uv": [0, 0, 16, 0.75], "texture": "#1"},
				"east": {"uv": [0, 0, 7, 0.75], "texture": "#1"},
				"south": {"uv": [0, 0, 16, 11.81], "texture": "#1"},
				"west": {"uv": [0, 0, 7, 0.75], "texture": "#1"},
				"up": {"uv": [0, 0, 16, 7], "texture": "#1"},
				"down": {"uv": [0, 0, 16, 7], "texture": "#1"}
			}
		},
		{
			"from": [-4.30087, 5.88088, 2.44227],
			"to": [18.27833, 6.68728, 9.96867],
			"faces": {
				"north": {"uv": [0, 0, 16, 0.75], "texture": "#1"},
				"east": {"uv": [0, 0, 7, 0.75], "texture": "#1"},
				"south": {"uv": [0, 0, 16, 11.81], "texture": "#1"},
				"west": {"uv": [0, 0, 7, 0.75], "texture": "#1"},
				"up": {"uv": [0, 0, 16, 7], "texture": "#1"},
				"down": {"uv": [0, 0, 16, 7], "texture": "#1"}
			}
		},
		{
			"from": [15.05273, 0.77368, 2.44227],
			"to": [18.27833, 5.88088, 9.96867],
			"faces": {
				"north": {"uv": [0, 0, 3, 4.75], "texture": "#1"},
				"east": {"uv": [0, 0, 7, 4.75], "texture": "#1"},
				"south": {"uv": [0, 0, 6.1, 15.81], "texture": "#1"},
				"west": {"uv": [0, 0, 7, 4.75], "texture": "#1"},
				"up": {"uv": [0, 0, 3, 7], "texture": "#1"},
				"down": {"uv": [0, 0, 3, 7], "texture": "#1"}
			}
		},
		{
			"from": [-4.30087, 0.77368, 2.44227],
			"to": [-1.07527, 5.88088, 9.96867],
			"faces": {
				"north": {"uv": [0, 0, 3, 4.75], "texture": "#1"},
				"east": {"uv": [0, 0, 7, 4.75], "texture": "#1"},
				"south": {"uv": [0, 0, 6.1, 15.81], "texture": "#1"},
				"west": {"uv": [0, 0, 7, 4.75], "texture": "#1"},
				"up": {"uv": [0, 0, 3, 7], "texture": "#1"},
				"down": {"uv": [0, 0, 3, 7], "texture": "#1"}
			}
		},
		{
			"from": [-3.22567, 0.50488, 2.71107],
			"to": [17.20313, 5.88088, 9.69987],
			"faces": {
				"north": {"uv": [8, 7, 9, 8], "texture": "#missing"},
				"east": {"uv": [0, 0, 6.5, 5], "texture": "#missing"},
				"south": {"uv": [0, 0, 16, 5], "texture": "#missing"},
				"west": {"uv": [0, 0, 6.5, 5], "texture": "#missing"},
				"up": {"uv": [0, 0, 16, 6.5], "texture": "#missing"},
				"down": {"uv": [0, 0, 16, 6.5], "texture": "#missing"}
			}
		},
		{
			"from": [-0.53767, 2.92408, 2.54979],
			"to": [-0.00007, 3.73048, 9.96867],
			"faces": {
				"north": {"uv": [0, 0, 0.5, 0.75], "texture": "#3"},
				"east": {"uv": [0, 0, 6.9, 0.75], "texture": "#3"},
				"south": {"uv": [0, 0, 0.5, 0.75], "texture": "#3"},
				"west": {"uv": [0, 0, 6.9, 0.75], "texture": "#3"},
				"up": {"uv": [0, 0, 0.5, 6.9], "texture": "#3"},
				"down": {"uv": [0, 0, 0.5, 6.9], "texture": "#3"}
			}
		},
		{
			"from": [-12.90247, 6.95608, 2.44227],
			"to": [10.75193, 7.76248, 9.96867],
			"faces": {
				"north": {"uv": [0, 4, 16, 3.75], "texture": "#2"},
				"east": {"uv": [3, 4, 10, 4.75], "texture": "#2"},
				"south": {"uv": [0, 5, 16, 5.75], "texture": "#2"},
				"west": {"uv": [4, 4, 11, 4.75], "texture": "#2"},
				"up": {"uv": [0, 5, 13, 9], "texture": "#2"},
				"down": {"uv": [0, 5, 16, 12], "texture": "#2"}
			}
		},
		{
			"from": [-12.90247, -0.03272, 2.44227],
			"to": [-12.09607, 6.95608, 9.96867],
			"faces": {
				"north": {"uv": [0, 7, 0.75, 6.5], "texture": "#2"},
				"east": {"uv": [3, 4, 10, 10.5], "texture": "#2"},
				"south": {"uv": [0, 5, 0.75, 11.5], "texture": "#2"},
				"west": {"uv": [4, 4, 11, 10.5], "texture": "#2"},
				"up": {"uv": [0, 5, 0.75, 12], "texture": "#2"},
				"down": {"uv": [0, 5, 0.75, 12], "texture": "#2"}
			}
		},
		{
			"from": [11.02073, 6.95608, 2.44227],
			"to": [18.81593, 7.76248, 9.96867],
			"faces": {
				"north": {"uv": [0, 4, 7.25, 3.75], "texture": "#2"},
				"east": {"uv": [3, 4, 10, 4.75], "texture": "#2"},
				"south": {"uv": [0, 5, 7.25, 5.75], "texture": "#2"},
				"west": {"uv": [4, 4, 11, 4.75], "texture": "#2"},
				"up": {"uv": [0, 5, 4, 8], "texture": "#2"},
				"down": {"uv": [0, 5, 7.25, 12], "texture": "#2"}
			}
		},
		{
			"from": [7.40453, 10.86488, 8.71787],
			"to": [19.86053, 14.90488, 10.06187],
			"faces": {
				"north": {"uv": [0, 0, 2.54237, 1.75], "texture": "#1"},
				"east": {"uv": [0, 0, 1.27119, 11.75], "texture": "#1"},
				"south": {"uv": [0, 0, 5.64237, 12.81], "texture": "#1"},
				"west": {"uv": [0, 0, 1.27119, 11.75], "texture": "#1"},
				"up": {"uv": [0, 0, 20.33898, 1], "texture": "#1"},
				"down": {"uv": [0, 0, 2.54237, 1.75], "texture": "#1"}
			}
		},
		{
			"from": [7.40453, 17.92888, 8.71787],
			"to": [19.86053, 23.31288, 10.06187],
			"faces": {
				"north": {"uv": [0, 0, 2.54237, 1.75], "texture": "#1"},
				"east": {"uv": [0, 0, 1.27119, 11.75], "texture": "#1"},
				"south": {"uv": [0, 0, 5.64237, 12.81], "texture": "#1"},
				"west": {"uv": [0, 0, 1.27119, 11.75], "texture": "#1"},
				"up": {"uv": [0, 0, 2.54237, 1.75], "texture": "#1"},
				"down": {"uv": [0, 0, 20.33898, 1], "texture": "#1"}
			}
		},
		{
			"from": [7.40453, 14.90488, 8.71787],
			"to": [11.46053, 17.92888, 10.06187],
			"faces": {
				"north": {"uv": [0, 0, 2.54237, 1.75], "texture": "#1"},
				"east": {"uv": [0, 0, 1.27119, 11.75], "texture": "#1"},
				"south": {"uv": [0, 0, 5.64237, 12.81], "texture": "#1"},
				"west": {"uv": [0, 0, 1.27119, 11.75], "texture": "#1"},
				"up": {"uv": [0, 0, 20.33898, 1], "texture": "#1"},
				"down": {"uv": [0, 0, 20.33898, 1], "texture": "#1"}
			}
		},
		{
			"from": [16.83653, 14.90488, 8.71787],
			"to": [19.86053, 17.92888, 10.06187],
			"faces": {
				"north": {"uv": [0, 0, 2.54237, 1.75], "texture": "#1"},
				"east": {"uv": [0, 0, 1.27119, 11.75], "texture": "#1"},
				"south": {"uv": [0, 0, 5.64237, 12.81], "texture": "#1"},
				"west": {"uv": [0, 0, 1.27119, 11.75], "texture": "#1"},
				"up": {"uv": [0, 0, 20.33898, 1], "texture": "#1"},
				"down": {"uv": [0, 0, 20.33898, 1], "texture": "#1"}
			}
		},
		{
			"from": [11.46053, 14.90488, 9.72587],
			"to": [16.83653, 17.92888, 10.06187],
			"faces": {
				"north": {"uv": [0, 0, 2.54237, 1.75], "texture": "#1"},
				"east": {"uv": [0, 0, 1.27119, 11.75], "texture": "#1"},
				"south": {"uv": [0, 0, 5.64237, 12.81], "texture": "#1"},
				"west": {"uv": [0, 0, 1.27119, 11.75], "texture": "#1"},
				"up": {"uv": [0, 0, 20.33898, 1], "texture": "#1"},
				"down": {"uv": [0, 0, 20.33898, 1], "texture": "#1"}
			}
		},
		{
			"from": [11.46053, 14.56888, 7.37387],
			"to": [16.83653, 14.90488, 8.71787],
			"faces": {
				"north": {"uv": [0, 0, 2.54237, 1.75], "texture": "#1"},
				"east": {"uv": [0, 0, 1.27119, 11.75], "texture": "#1"},
				"south": {"uv": [0, 0, 16, 16], "texture": "#1"},
				"west": {"uv": [0, 0, 1.27119, 11.75], "texture": "#1"},
				"up": {"uv": [0, 0, 20.33898, 1], "texture": "#1"},
				"down": {"uv": [0, 0, 20.33898, 1], "texture": "#1"}
			}
		},
		{
			"from": [-0.72147, 20.95288, 8.71787],
			"to": [7.40453, 23.31288, 10.06187],
			"faces": {
				"north": {"uv": [0, 0, 2.54237, 1.75], "texture": "#1"},
				"east": {"uv": [0, 0, 1.27119, 11.75], "texture": "#1"},
				"south": {"uv": [0, 0, 5.64237, 12.81], "texture": "#1"},
				"west": {"uv": [0, 0, 2.54237, 1.75], "texture": "#1"},
				"up": {"uv": [0, 0, 2.54237, 1.75], "texture": "#1"},
				"down": {"uv": [0, 0, 20.33898, 1], "texture": "#1"}
			}
		},
		{
			"from": [-0.72147, 10.86488, 8.71787],
			"to": [7.40453, 13.18288, 10.06187],
			"faces": {
				"north": {"uv": [0, 0, 2.54237, 1.75], "texture": "#1"},
				"east": {"uv": [0, 0, 1.27119, 11.75], "texture": "#1"},
				"south": {"uv": [0, 0, 5.64237, 12.81], "texture": "#1"},
				"west": {"uv": [0, 0, 2.54237, 1.75], "texture": "#1"},
				"up": {"uv": [0, 0, 20.33898, 1], "texture": "#1"},
				"down": {"uv": [0, 0, 20.33898, 1], "texture": "#1"}
			}
		},
		{
			"from": [-0.72147, 13.18288, 9.72587],
			"to": [7.40453, 20.95288, 10.06187],
			"faces": {
				"north": {"uv": [0, 0, 20.33898, 11.75], "texture": "#1"},
				"east": {"uv": [0, 0, 1.27119, 11.75], "texture": "#1"},
				"south": {"uv": [0, 0, 5.64237, 12.81], "texture": "#1"},
				"west": {"uv": [0, 0, 1.27119, 11.75], "texture": "#1"},
				"up": {"uv": [0, 0, 20.33898, 1], "texture": "#1"},
				"down": {"uv": [0, 0, 20.33898, 1], "texture": "#1"}
			}
		},
		{
			"from": [-7.97402, 20.32288, 8.67587],
			"to": [7.25098, 20.84788, 9.72587],
			"faces": {
				"north": {"uv": [0, 7, 7.5, 7.5], "texture": "#0"},
				"east": {"uv": [7, 6.5, 7.5, 7], "texture": "#0"},
				"south": {"uv": [7, 0, 14.5, 0.5], "texture": "#0"},
				"west": {"uv": [5, 7.5, 5.5, 8], "texture": "#0"},
				"up": {"uv": [14.5, 1, 7, 0.5], "texture": "#0"},
				"down": {"uv": [14.5, 1, 7, 1.5], "texture": "#0"}
			}
		},
		{
			"from": [-7.97402, 13.39288, 8.67587],
			"to": [6.83098, 13.91788, 9.72587],
			"faces": {
				"north": {"uv": [7, 1.5, 14.5, 2], "texture": "#0"},
				"east": {"uv": [7, 7.5, 7.5, 8], "texture": "#0"},
				"south": {"uv": [7, 2, 14.5, 2.5], "texture": "#0"},
				"west": {"uv": [7.5, 7, 8, 7.5], "texture": "#0"},
				"up": {"uv": [14.5, 3, 7, 2.5], "texture": "#0"},
				"down": {"uv": [14.5, 3, 7, 3.5], "texture": "#0"}
			}
		},
		{
			"from": [6.72598, 13.39288, 8.67587],
			"to": [7.25098, 20.32288, 9.72587],
			"faces": {
				"north": {"uv": [0, 7.5, 0.5, 11], "texture": "#0"},
				"east": {"uv": [0.5, 7.5, 1, 11], "texture": "#0"},
				"south": {"uv": [1, 7.5, 1.5, 11], "texture": "#0"},
				"west": {"uv": [1.5, 7.5, 2, 11], "texture": "#0"},
				"up": {"uv": [6, 8, 5.5, 7.5], "texture": "#0"},
				"down": {"uv": [6.5, 7.5, 6, 8], "texture": "#0"}
			}
		},
		{
			"from": [-7.97402, 13.81288, 8.67587],
			"to": [-7.44902, 20.32288, 9.72587],
			"faces": {
				"north": {"uv": [2, 7.5, 2.5, 11], "texture": "#0"},
				"east": {"uv": [2.5, 7.5, 3, 11], "texture": "#0"},
				"south": {"uv": [3, 7.5, 3.5, 11], "texture": "#0"},
				"west": {"uv": [3.5, 7.5, 4, 11], "texture": "#0"},
				"up": {"uv": [8, 8, 7.5, 7.5], "texture": "#0"},
				"down": {"uv": [8.5, 4.5, 8, 5], "texture": "#0"}
			}
		},
		{
			"from": [-7.44902, 13.39288, 8.88587],
			"to": [6.72598, 20.32288, 9.72587],
			"faces": {
				"north": {"uv": [0, 4, 7, 6.5], "texture": "#2"},
				"east": {"uv": [7, 11.5, 7.5, 15], "texture": "#2"},
				"south": {"uv": [0, 8.5, 7, 12], "texture": "#2"},
				"west": {"uv": [8.5, 11.5, 9, 15], "texture": "#2"},
				"up": {"uv": [14, 9, 7, 8.5], "texture": "#2"},
				"down": {"uv": [14, 9, 7, 9.5], "texture": "#2"}
			}
		},
		{
			"from": [-1.35902, 13.60288, 8.62337],
			"to": [0.74098, 13.70788, 8.67587],
			"faces": {
				"north": {"uv": [7, 4.5, 8, 5], "texture": "#0"},
				"east": {"uv": [6.5, 7.5, 7, 8], "texture": "#0"},
				"south": {"uv": [7, 5, 8, 5.5], "texture": "#0"},
				"west": {"uv": [7.5, 6.5, 8, 7], "texture": "#0"},
				"up": {"uv": [8, 6, 7, 5.5], "texture": "#0"},
				"down": {"uv": [8, 6, 7, 6.5], "texture": "#0"}
			}
		},
		{
			"from": [12.72053, 14.88388, 7.58387],
			"to": [13.89653, 15.00988, 8.71787],
			"faces": {
				"north": {"uv": [0, 0, 16, 11.75], "texture": "#missing"},
				"east": {"uv": [0, 0, 1, 11.75], "texture": "#missing"},
				"south": {"uv": [0, 0, 16, 11.75], "texture": "#missing"},
				"west": {"uv": [0, 0, 1, 11.75], "texture": "#missing"},
				"up": {"uv": [0, 0, 0.56, 0.54], "texture": "#missing"},
				"down": {"uv": [0, 0, 16, 1], "texture": "#missing"}
			}
		},
		{
			"from": [12.72053, 14.88388, 7.58387],
			"to": [13.89653, 17.10988, 7.66787],
			"faces": {
				"north": {"uv": [0, 0, 16, 11.75], "texture": "#3"},
				"east": {"uv": [0, 0, 1, 11.75], "texture": "#3"},
				"south": {"uv": [0, 0, 16, 11.75], "texture": "#3"},
				"west": {"uv": [0, 0, 1, 11.75], "texture": "#3"},
				"up": {"uv": [0, 0, 0.56, 0.54], "texture": "#3"},
				"down": {"uv": [0, 0, 16, 1], "texture": "#3"}
			}
		},
		{
			"from": [12.72053, 14.88388, 8.63387],
			"to": [13.89653, 17.10988, 8.71787],
			"faces": {
				"north": {"uv": [0, 0, 16, 11.75], "texture": "#3"},
				"east": {"uv": [0, 0, 1, 11.75], "texture": "#3"},
				"south": {"uv": [0, 0, 16, 11.75], "texture": "#3"},
				"west": {"uv": [0, 0, 1, 11.75], "texture": "#3"},
				"up": {"uv": [0, 0, 0.56, 0.54], "texture": "#3"},
				"down": {"uv": [0, 0, 16, 1], "texture": "#3"}
			}
		},
		{
			"from": [13.77053, 14.88388, 7.58387],
			"to": [13.89653, 17.10988, 8.71787],
			"faces": {
				"north": {"uv": [0, 0, 16, 11.75], "texture": "#3"},
				"east": {"uv": [0, 0, 1, 11.75], "texture": "#3"},
				"south": {"uv": [0, 0, 16, 11.75], "texture": "#3"},
				"west": {"uv": [0, 0, 1, 11.75], "texture": "#3"},
				"up": {"uv": [0, 0, 0.56, 0.54], "texture": "#3"},
				"down": {"uv": [0, 0, 16, 1], "texture": "#3"}
			}
		},
		{
			"from": [12.72053, 14.88388, 7.58387],
			"to": [12.84653, 17.10988, 8.71787],
			"faces": {
				"north": {"uv": [0, 0, 16, 11.75], "texture": "#3"},
				"east": {"uv": [0, 0, 1, 11.75], "texture": "#3"},
				"south": {"uv": [0, 0, 16, 11.75], "texture": "#3"},
				"west": {"uv": [0, 0, 1, 11.75], "texture": "#3"},
				"up": {"uv": [0, 0, 0.56, 0.54], "texture": "#3"},
				"down": {"uv": [0, 0, 16, 1], "texture": "#3"}
			}
		}
	],
	"display": {
		"thirdperson_righthand": {
			"rotation": [78, 0, 0],
			"translation": [0, 0.25, -2],
			"scale": [0.27, 0.31, 0.35]
		},
		"thirdperson_lefthand": {
			"rotation": [78, 0, 0],
			"translation": [0, 0.25, -2],
			"scale": [0.27, 0.31, 0.35]
		},
		"firstperson_righthand": {
			"rotation": [0, 180, 0],
			"translation": [-7.5, 7, 10],
			"scale": [0.08, 0.08, 0.08]
		},
		"firstperson_lefthand": {
			"rotation": [0, 180, 0],
			"translation": [-7.5, 7, 10],
			"scale": [0.08, 0.08, 0.08]
		},
		"ground": {
			"translation": [0, -0.5, 0],
			"scale": [0.4, 0.4, 0.4]
		},
		"gui": {
			"rotation": [33, 144, 9],
			"translation": [-0.75, 0.5, 0],
			"scale": [0.42, 0.42, 0.42]
		},
		"head": {
			"translation": [0, -20.75, 5.25],
			"scale": [2.78, 2.78, 2.78]
		},
		"fixed": {
			"translation": [0, 16.25, -6.75],
			"scale": [4, 4, 4]
		}
	}
}