{
	"credit": "Made with Blockbench",
	"texture_size": [128, 128],
	"textures": {
		"0": "block/Modern sofa",
		"particle": "block/Modern sofa"
	},
	"elements": [
		{
			"from": [0, 1, 4],
			"to": [1, 28, 12.5],
			"faces": {
				"north": {"uv": [4.25, 6.375, 4.375, 9.75], "texture": "#0"},
				"east": {"uv": [0, 0, 1.125, 3.375], "texture": "#0"},
				"south": {"uv": [4.375, 6.375, 4.5, 9.75], "texture": "#0"},
				"west": {"uv": [1.125, 0, 2.25, 3.375], "texture": "#0"},
				"up": {"uv": [3.875, 8.25, 3.75, 7.125], "texture": "#0"},
				"down": {"uv": [4, 7.125, 3.875, 8.25], "texture": "#0"}
			}
		},
		{
			"from": [8.1, 0, 4],
			"to": [16, 1, 12.5],
			"faces": {
				"north": {"uv": [6.25, 0.75, 7.25, 0.875], "texture": "#0"},
				"east": {"uv": [8.125, 0.5, 9.25, 0.625], "texture": "#0"},
				"south": {"uv": [6.25, 0.875, 7.25, 1], "texture": "#0"},
				"west": {"uv": [8.25, 4.25, 9.375, 4.375], "texture": "#0"},
				"up": {"uv": [4.375, 2.25, 3.375, 1.125], "texture": "#0"},
				"down": {"uv": [4.375, 2.25, 3.375, 3.375], "texture": "#0"}
			}
		},
		{
			"from": [0, 0, 4],
			"to": [7.9, 1, 12.5],
			"faces": {
				"north": {"uv": [6.25, 1, 7.25, 1.125], "texture": "#0"},
				"east": {"uv": [8.25, 4.375, 9.375, 4.5], "texture": "#0"},
				"south": {"uv": [5.875, 8.375, 6.875, 8.5], "texture": "#0"},
				"west": {"uv": [8.25, 4.5, 9.375, 4.625], "texture": "#0"},
				"up": {"uv": [4.125, 4.5, 3.125, 3.375], "texture": "#0"},
				"down": {"uv": [5.125, 3.375, 4.125, 4.5], "texture": "#0"}
			}
		},
		{
			"from": [6.9, 1, 4],
			"to": [7.9, 7, 12.5],
			"faces": {
				"north": {"uv": [3.125, 8.375, 3.25, 9.125], "texture": "#0"},
				"east": {"uv": [1.125, 5.625, 2.25, 6.375], "texture": "#0"},
				"south": {"uv": [3.25, 8.375, 3.375, 9.125], "texture": "#0"},
				"west": {"uv": [2.25, 5.625, 3.375, 6.375], "texture": "#0"},
				"up": {"uv": [4.125, 8.25, 4, 7.125], "texture": "#0"},
				"down": {"uv": [4.25, 7.125, 4.125, 8.25], "texture": "#0"}
			}
		},
		{
			"from": [8.1, 1, 4],
			"to": [9.1, 7, 12.5],
			"faces": {
				"north": {"uv": [3.375, 8.375, 3.5, 9.125], "texture": "#0"},
				"east": {"uv": [3.375, 5.625, 4.5, 6.375], "texture": "#0"},
				"south": {"uv": [3.5, 8.375, 3.625, 9.125], "texture": "#0"},
				"west": {"uv": [4.5, 5.625, 5.625, 6.375], "texture": "#0"},
				"up": {"uv": [3.875, 9.375, 3.75, 8.25], "texture": "#0"},
				"down": {"uv": [4, 8.25, 3.875, 9.375], "texture": "#0"}
			}
		},
		{
			"from": [15, 1, 4],
			"to": [16, 28, 12.5],
			"faces": {
				"north": {"uv": [4.5, 6.375, 4.625, 9.75], "texture": "#0"},
				"east": {"uv": [2.25, 0, 3.375, 3.375], "texture": "#0"},
				"south": {"uv": [4.625, 6.375, 4.75, 9.75], "texture": "#0"},
				"west": {"uv": [0, 3.375, 1.125, 6.75], "texture": "#0"},
				"up": {"uv": [4.125, 9.375, 4, 8.25], "texture": "#0"},
				"down": {"uv": [4.25, 8.25, 4.125, 9.375], "texture": "#0"}
			}
		},
		{
			"from": [0, 28, 4],
			"to": [16, 29, 12.5],
			"faces": {
				"north": {"uv": [8, 5.75, 10, 5.875], "texture": "#0"},
				"east": {"uv": [8.25, 4.625, 9.375, 4.75], "texture": "#0"},
				"south": {"uv": [8, 5.875, 10, 6], "texture": "#0"},
				"west": {"uv": [4.75, 8.25, 5.875, 8.375], "texture": "#0"},
				"up": {"uv": [5.375, 1.125, 3.375, 0], "texture": "#0"},
				"down": {"uv": [3.125, 3.375, 1.125, 4.5], "texture": "#0"}
			}
		},
		{
			"from": [1, 21, 4],
			"to": [7.9, 22, 12.5],
			"faces": {
				"north": {"uv": [0.625, 8.5, 1.5, 8.625], "texture": "#0"},
				"east": {"uv": [8.25, 4.75, 9.375, 4.875], "texture": "#0"},
				"south": {"uv": [8.5, 0.625, 9.375, 0.75], "texture": "#0"},
				"west": {"uv": [8.25, 4.875, 9.375, 5], "texture": "#0"},
				"up": {"uv": [5.25, 2.25, 4.375, 1.125], "texture": "#0"},
				"down": {"uv": [5.25, 2.25, 4.375, 3.375], "texture": "#0"}
			}
		},
		{
			"from": [1, 14, 4],
			"to": [7.9, 15, 12.5],
			"faces": {
				"north": {"uv": [8.5, 0.75, 9.375, 0.875], "texture": "#0"},
				"east": {"uv": [8.25, 5, 9.375, 5.125], "texture": "#0"},
				"south": {"uv": [8.5, 0.875, 9.375, 1], "texture": "#0"},
				"west": {"uv": [5.875, 8.25, 7, 8.375], "texture": "#0"},
				"up": {"uv": [2, 5.625, 1.125, 4.5], "texture": "#0"},
				"down": {"uv": [2.875, 4.5, 2, 5.625], "texture": "#0"}
			}
		},
		{
			"from": [8.1, 14, 4],
			"to": [15, 15, 12.5],
			"faces": {
				"north": {"uv": [8.5, 1, 9.375, 1.125], "texture": "#0"},
				"east": {"uv": [0.625, 8.375, 1.75, 8.5], "texture": "#0"},
				"south": {"uv": [8.5, 1.125, 9.375, 1.25], "texture": "#0"},
				"west": {"uv": [1.75, 8.375, 2.875, 8.5], "texture": "#0"},
				"up": {"uv": [3.75, 5.625, 2.875, 4.5], "texture": "#0"},
				"down": {"uv": [4.625, 4.5, 3.75, 5.625], "texture": "#0"}
			}
		},
		{
			"from": [1, 7, 4],
			"to": [7.9, 8, 12.5],
			"faces": {
				"north": {"uv": [8.5, 1.25, 9.375, 1.375], "texture": "#0"},
				"east": {"uv": [8.375, 3.125, 9.5, 3.25], "texture": "#0"},
				"south": {"uv": [8.5, 1.375, 9.375, 1.5], "texture": "#0"},
				"west": {"uv": [8.375, 3.25, 9.5, 3.375], "texture": "#0"},
				"up": {"uv": [5.5, 5.625, 4.625, 4.5], "texture": "#0"},
				"down": {"uv": [6, 3.375, 5.125, 4.5], "texture": "#0"}
			}
		},
		{
			"from": [8.1, 7, 4],
			"to": [15, 8, 12.5],
			"faces": {
				"north": {"uv": [1.5, 8.5, 2.375, 8.625], "texture": "#0"},
				"east": {"uv": [8.375, 3.375, 9.5, 3.5], "texture": "#0"},
				"south": {"uv": [8.5, 1.5, 9.375, 1.625], "texture": "#0"},
				"west": {"uv": [8.375, 3.5, 9.5, 3.625], "texture": "#0"},
				"up": {"uv": [6.125, 2.25, 5.25, 1.125], "texture": "#0"},
				"down": {"uv": [6.125, 2.25, 5.25, 3.375], "texture": "#0"}
			}
		},
		{
			"from": [8.1, 15, 4],
			"to": [9.1, 21, 12.5],
			"faces": {
				"north": {"uv": [3.625, 8.375, 3.75, 9.125], "texture": "#0"},
				"east": {"uv": [5.625, 5.625, 6.75, 6.375], "texture": "#0"},
				"south": {"uv": [6.875, 8.375, 7, 9.125], "texture": "#0"},
				"west": {"uv": [6, 3.375, 7.125, 4.125], "texture": "#0"},
				"up": {"uv": [7.125, 9.375, 7, 8.25], "texture": "#0"},
				"down": {"uv": [7.25, 8.25, 7.125, 9.375], "texture": "#0"}
			}
		},
		{
			"from": [6.9, 15, 4],
			"to": [7.9, 21, 12.5],
			"faces": {
				"north": {"uv": [2.375, 8.5, 2.5, 9.25], "texture": "#0"},
				"east": {"uv": [6.125, 1.125, 7.25, 1.875], "texture": "#0"},
				"south": {"uv": [2.5, 8.5, 2.625, 9.25], "texture": "#0"},
				"west": {"uv": [6.125, 1.875, 7.25, 2.625], "texture": "#0"},
				"up": {"uv": [3, 9.5, 2.875, 8.375], "texture": "#0"},
				"down": {"uv": [3.125, 8.375, 3, 9.5], "texture": "#0"}
			}
		},
		{
			"from": [8.1, 21, 4],
			"to": [15.1, 22, 12.5],
			"faces": {
				"north": {"uv": [8.5, 1.625, 9.375, 1.75], "texture": "#0"},
				"east": {"uv": [8.375, 3.625, 9.5, 3.75], "texture": "#0"},
				"south": {"uv": [8.5, 1.75, 9.375, 1.875], "texture": "#0"},
				"west": {"uv": [4.75, 8.375, 5.875, 8.5], "texture": "#0"},
				"up": {"uv": [6.25, 1.125, 5.375, 0], "texture": "#0"},
				"down": {"uv": [6.375, 4.5, 5.5, 5.625], "texture": "#0"}
			}
		},
		{
			"from": [1.2, 22, 5],
			"to": [2.1, 27, 10],
			"faces": {
				"north": {"uv": [8.5, 1.875, 8.625, 2.5], "texture": "#0"},
				"east": {"uv": [4.75, 6.375, 5.375, 7], "texture": "#0"},
				"south": {"uv": [5.5, 8.5, 5.625, 9.125], "texture": "#0"},
				"west": {"uv": [6.375, 4.875, 7, 5.5], "texture": "#0"},
				"up": {"uv": [5.75, 9.125, 5.625, 8.5], "texture": "#0"},
				"down": {"uv": [5.875, 8.5, 5.75, 9.125], "texture": "#0"}
			}
		},
		{
			"from": [5.5, 22, 5],
			"to": [6.4, 27, 10],
			"faces": {
				"north": {"uv": [5.875, 8.5, 6, 9.125], "texture": "#0"},
				"east": {"uv": [5.375, 6.375, 6, 7], "texture": "#0"},
				"south": {"uv": [6, 8.5, 6.125, 9.125], "texture": "#0"},
				"west": {"uv": [6, 6.375, 6.625, 7], "texture": "#0"},
				"up": {"uv": [8.625, 6.625, 8.5, 6], "texture": "#0"},
				"down": {"uv": [6.25, 8.5, 6.125, 9.125], "texture": "#0"}
			}
		},
		{
			"from": [9.3, 15, 5],
			"to": [10.2, 20, 10],
			"faces": {
				"north": {"uv": [6.25, 8.5, 6.375, 9.125], "texture": "#0"},
				"east": {"uv": [6.625, 6.375, 7.25, 7], "texture": "#0"},
				"south": {"uv": [6.375, 8.5, 6.5, 9.125], "texture": "#0"},
				"west": {"uv": [0, 6.75, 0.625, 7.375], "texture": "#0"},
				"up": {"uv": [6.625, 9.125, 6.5, 8.5], "texture": "#0"},
				"down": {"uv": [6.75, 8.5, 6.625, 9.125], "texture": "#0"}
			}
		},
		{
			"from": [2, 8, 5],
			"to": [2.9, 13, 10],
			"rotation": {"angle": 22.5, "axis": "z", "origin": [2.45, 10.5, 7.5]},
			"faces": {
				"north": {"uv": [8.5, 6.625, 8.625, 7.25], "texture": "#0"},
				"east": {"uv": [6.75, 2.625, 7.375, 3.25], "texture": "#0"},
				"south": {"uv": [6.75, 8.5, 6.875, 9.125], "texture": "#0"},
				"west": {"uv": [6.75, 5.5, 7.375, 6.125], "texture": "#0"},
				"up": {"uv": [8.625, 7.875, 8.5, 7.25], "texture": "#0"},
				"down": {"uv": [8, 8.5, 7.875, 9.125], "texture": "#0"}
			}
		},
		{
			"from": [12.5, 0.6, 5],
			"to": [13.4, 5.6, 10],
			"rotation": {"angle": -45, "axis": "z", "origin": [12.95, 3.1, 7.5]},
			"faces": {
				"north": {"uv": [8.5, 7.875, 8.625, 8.5], "texture": "#0"},
				"east": {"uv": [6.875, 0, 7.5, 0.625], "texture": "#0"},
				"south": {"uv": [8, 8.5, 8.125, 9.125], "texture": "#0"},
				"west": {"uv": [7, 4.125, 7.625, 4.75], "texture": "#0"},
				"up": {"uv": [8.25, 9.125, 8.125, 8.5], "texture": "#0"},
				"down": {"uv": [8.375, 8.5, 8.25, 9.125], "texture": "#0"}
			}
		},
		{
			"from": [4.3, 22, 5],
			"to": [5.2, 27.3, 10],
			"faces": {
				"north": {"uv": [8.375, 8.5, 8.5, 9.125], "texture": "#0"},
				"east": {"uv": [4.75, 7, 5.375, 7.625], "texture": "#0"},
				"south": {"uv": [8.5, 8.5, 8.625, 9.125], "texture": "#0"},
				"west": {"uv": [7, 4.75, 7.625, 5.375], "texture": "#0"},
				"up": {"uv": [0.125, 9.25, 0, 8.625], "texture": "#0"},
				"down": {"uv": [0.25, 8.625, 0.125, 9.25], "texture": "#0"}
			}
		},
		{
			"from": [13.9, 15, 5],
			"to": [14.8, 20.3, 10],
			"faces": {
				"north": {"uv": [0.25, 8.625, 0.375, 9.25], "texture": "#0"},
				"east": {"uv": [5.375, 7, 6, 7.625], "texture": "#0"},
				"south": {"uv": [0.375, 8.625, 0.5, 9.25], "texture": "#0"},
				"west": {"uv": [6, 7, 6.625, 7.625], "texture": "#0"},
				"up": {"uv": [0.625, 9.25, 0.5, 8.625], "texture": "#0"},
				"down": {"uv": [0.75, 8.625, 0.625, 9.25], "texture": "#0"}
			}
		},
		{
			"from": [12.8, 15, 5],
			"to": [13.7, 19.5, 10],
			"faces": {
				"north": {"uv": [0.75, 8.625, 0.875, 9.25], "texture": "#0"},
				"east": {"uv": [6.625, 7, 7.25, 7.625], "texture": "#0"},
				"south": {"uv": [0.875, 8.625, 1, 9.25], "texture": "#0"},
				"west": {"uv": [0.625, 7.125, 1.25, 7.75], "texture": "#0"},
				"up": {"uv": [1.125, 9.25, 1, 8.625], "texture": "#0"},
				"down": {"uv": [1.25, 8.625, 1.125, 9.25], "texture": "#0"}
			}
		},
		{
			"from": [5.8, 15, 5],
			"to": [6.7, 20.3, 10],
			"faces": {
				"north": {"uv": [1.25, 8.625, 1.375, 9.25], "texture": "#0"},
				"east": {"uv": [1.25, 7.125, 1.875, 7.75], "texture": "#0"},
				"south": {"uv": [1.375, 8.625, 1.5, 9.25], "texture": "#0"},
				"west": {"uv": [1.875, 7.125, 2.5, 7.75], "texture": "#0"},
				"up": {"uv": [1.625, 9.25, 1.5, 8.625], "texture": "#0"},
				"down": {"uv": [1.75, 8.625, 1.625, 9.25], "texture": "#0"}
			}
		},
		{
			"from": [1.2, 1, 5],
			"to": [2.1, 6.3, 10],
			"faces": {
				"north": {"uv": [1.75, 8.625, 1.875, 9.25], "texture": "#0"},
				"east": {"uv": [2.5, 7.125, 3.125, 7.75], "texture": "#0"},
				"south": {"uv": [1.875, 8.625, 2, 9.25], "texture": "#0"},
				"west": {"uv": [3.125, 7.125, 3.75, 7.75], "texture": "#0"},
				"up": {"uv": [8.75, 2.5, 8.625, 1.875], "texture": "#0"},
				"down": {"uv": [2.125, 8.625, 2, 9.25], "texture": "#0"}
			}
		},
		{
			"from": [12.24254, 0.20563, 5],
			"to": [13.14254, 5.50563, 10],
			"rotation": {"angle": -45, "axis": "z", "origin": [12.69254, 4.15563, 7.5]},
			"faces": {
				"north": {"uv": [2.125, 8.625, 2.25, 9.25], "texture": "#0"},
				"east": {"uv": [7.125, 3.25, 7.75, 3.875], "texture": "#0"},
				"south": {"uv": [2.25, 8.625, 2.375, 9.25], "texture": "#0"},
				"west": {"uv": [7.25, 0.625, 7.875, 1.25], "texture": "#0"},
				"up": {"uv": [8.75, 3.125, 8.625, 2.5], "texture": "#0"},
				"down": {"uv": [8.75, 5.125, 8.625, 5.75], "texture": "#0"}
			}
		},
		{
			"from": [11.8, 15, 5],
			"to": [12.7, 19.7, 10],
			"faces": {
				"north": {"uv": [8.625, 6, 8.75, 6.625], "texture": "#0"},
				"east": {"uv": [7.25, 1.25, 7.875, 1.875], "texture": "#0"},
				"south": {"uv": [8.625, 6.625, 8.75, 7.25], "texture": "#0"},
				"west": {"uv": [7.25, 1.875, 7.875, 2.5], "texture": "#0"},
				"up": {"uv": [7.375, 9.25, 7.25, 8.625], "texture": "#0"},
				"down": {"uv": [8.75, 7.25, 8.625, 7.875], "texture": "#0"}
			}
		},
		{
			"from": [2.5, 22, 5],
			"to": [3.4, 26.7, 10],
			"faces": {
				"north": {"uv": [7.375, 8.625, 7.5, 9.25], "texture": "#0"},
				"east": {"uv": [7.25, 6.125, 7.875, 6.75], "texture": "#0"},
				"south": {"uv": [7.5, 8.625, 7.625, 9.25], "texture": "#0"},
				"west": {"uv": [7.25, 6.75, 7.875, 7.375], "texture": "#0"},
				"up": {"uv": [7.75, 9.25, 7.625, 8.625], "texture": "#0"},
				"down": {"uv": [7.875, 8.625, 7.75, 9.25], "texture": "#0"}
			}
		},
		{
			"from": [5.4, 12.1, 5],
			"to": [6.3, 16.8, 10],
			"rotation": {"angle": -22.5, "axis": "z", "origin": [12.4, 19.1, 21]},
			"faces": {
				"north": {"uv": [8.625, 7.875, 8.75, 8.5], "texture": "#0"},
				"east": {"uv": [0, 7.375, 0.625, 8], "texture": "#0"},
				"south": {"uv": [8.625, 8.5, 8.75, 9.125], "texture": "#0"},
				"west": {"uv": [7.375, 2.5, 8, 3.125], "texture": "#0"},
				"up": {"uv": [8.875, 2.5, 8.75, 1.875], "texture": "#0"},
				"down": {"uv": [8.875, 2.5, 8.75, 3.125], "texture": "#0"}
			}
		},
		{
			"from": [8.7, 7.9, 5],
			"to": [9.6, 12.6, 10],
			"faces": {
				"north": {"uv": [8.75, 5.125, 8.875, 5.75], "texture": "#0"},
				"east": {"uv": [7.375, 5.375, 8, 6], "texture": "#0"},
				"south": {"uv": [8.75, 6, 8.875, 6.625], "texture": "#0"},
				"west": {"uv": [7.25, 7.375, 7.875, 8], "texture": "#0"},
				"up": {"uv": [8.875, 7.25, 8.75, 6.625], "texture": "#0"},
				"down": {"uv": [8.875, 7.25, 8.75, 7.875], "texture": "#0"}
			}
		},
		{
			"from": [4.4, 7.9, 5],
			"to": [5.3, 12.6, 10],
			"faces": {
				"north": {"uv": [8.75, 7.875, 8.875, 8.5], "texture": "#0"},
				"east": {"uv": [7.5, 0, 8.125, 0.625], "texture": "#0"},
				"south": {"uv": [8.75, 8.5, 8.875, 9.125], "texture": "#0"},
				"west": {"uv": [7.625, 3.875, 8.25, 4.5], "texture": "#0"},
				"up": {"uv": [9, 2.5, 8.875, 1.875], "texture": "#0"},
				"down": {"uv": [9, 2.5, 8.875, 3.125], "texture": "#0"}
			}
		},
		{
			"from": [5.5, 7.9, 5],
			"to": [6.4, 12.8, 10],
			"faces": {
				"north": {"uv": [8.875, 5.125, 9, 5.75], "texture": "#0"},
				"east": {"uv": [7.625, 4.5, 8.25, 5.125], "texture": "#0"},
				"south": {"uv": [8.875, 6, 9, 6.625], "texture": "#0"},
				"west": {"uv": [4.75, 7.625, 5.375, 8.25], "texture": "#0"},
				"up": {"uv": [9, 7.25, 8.875, 6.625], "texture": "#0"},
				"down": {"uv": [9, 7.25, 8.875, 7.875], "texture": "#0"}
			}
		},
		{
			"from": [13.6, 22, 5],
			"to": [14.5, 26.9, 10],
			"faces": {
				"north": {"uv": [8.875, 7.875, 9, 8.5], "texture": "#0"},
				"east": {"uv": [5.375, 7.625, 6, 8.25], "texture": "#0"},
				"south": {"uv": [8.875, 8.5, 9, 9.125], "texture": "#0"},
				"west": {"uv": [6, 7.625, 6.625, 8.25], "texture": "#0"},
				"up": {"uv": [9.125, 2.5, 9, 1.875], "texture": "#0"},
				"down": {"uv": [9.125, 2.5, 9, 3.125], "texture": "#0"}
			}
		},
		{
			"from": [10.3, 22, 5],
			"to": [11.2, 27.7, 10],
			"faces": {
				"north": {"uv": [2.625, 8.5, 2.75, 9.25], "texture": "#0"},
				"east": {"uv": [6.125, 2.625, 6.75, 3.375], "texture": "#0"},
				"south": {"uv": [2.75, 8.5, 2.875, 9.25], "texture": "#0"},
				"west": {"uv": [6.25, 0, 6.875, 0.75], "texture": "#0"},
				"up": {"uv": [9.125, 5.75, 9, 5.125], "texture": "#0"},
				"down": {"uv": [9.125, 6, 9, 6.625], "texture": "#0"}
			}
		},
		{
			"from": [11.7398, 21.93977, 5],
			"to": [12.6398, 25.93977, 10],
			"rotation": {"angle": 22.5, "axis": "z", "origin": [12.1898, 24.38977, 7.5]},
			"faces": {
				"north": {"uv": [8.75, 0, 8.875, 0.5], "texture": "#0"},
				"east": {"uv": [8.125, 0, 8.75, 0.5], "texture": "#0"},
				"south": {"uv": [8.875, 0, 9, 0.5], "texture": "#0"},
				"west": {"uv": [8.25, 3.75, 8.875, 4.25], "texture": "#0"},
				"up": {"uv": [9.125, 7.25, 9, 6.625], "texture": "#0"},
				"down": {"uv": [9.125, 7.25, 9, 7.875], "texture": "#0"}
			}
		},
		{
			"from": [10.6, 15, 5],
			"to": [11.5, 20.7, 10],
			"faces": {
				"north": {"uv": [4.75, 8.5, 4.875, 9.25], "texture": "#0"},
				"east": {"uv": [1.125, 6.375, 1.75, 7.125], "texture": "#0"},
				"south": {"uv": [4.875, 8.5, 5, 9.25], "texture": "#0"},
				"west": {"uv": [1.75, 6.375, 2.375, 7.125], "texture": "#0"},
				"up": {"uv": [9.125, 8.5, 9, 7.875], "texture": "#0"},
				"down": {"uv": [9.125, 8.5, 9, 9.125], "texture": "#0"}
			}
		},
		{
			"from": [6.7, 8, 5],
			"to": [7.6, 13.7, 10],
			"faces": {
				"north": {"uv": [5, 8.5, 5.125, 9.25], "texture": "#0"},
				"east": {"uv": [2.375, 6.375, 3, 7.125], "texture": "#0"},
				"south": {"uv": [5.125, 8.5, 5.25, 9.25], "texture": "#0"},
				"west": {"uv": [3, 6.375, 3.625, 7.125], "texture": "#0"},
				"up": {"uv": [9.25, 2.5, 9.125, 1.875], "texture": "#0"},
				"down": {"uv": [9.25, 2.5, 9.125, 3.125], "texture": "#0"}
			}
		},
		{
			"from": [2.5, 0.9, 5],
			"to": [3.4, 6.6, 10],
			"faces": {
				"north": {"uv": [5.25, 8.5, 5.375, 9.25], "texture": "#0"},
				"east": {"uv": [3.625, 6.375, 4.25, 7.125], "texture": "#0"},
				"south": {"uv": [5.375, 8.5, 5.5, 9.25], "texture": "#0"},
				"west": {"uv": [6.375, 4.125, 7, 4.875], "texture": "#0"},
				"up": {"uv": [3.25, 9.75, 3.125, 9.125], "texture": "#0"},
				"down": {"uv": [3.375, 9.125, 3.25, 9.75], "texture": "#0"}
			}
		},
		{
			"from": [9.8, 7.9, 5],
			"to": [10.7, 12.9, 10],
			"faces": {
				"north": {"uv": [3.375, 9.125, 3.5, 9.75], "texture": "#0"},
				"east": {"uv": [6.625, 7.625, 7.25, 8.25], "texture": "#0"},
				"south": {"uv": [3.5, 9.125, 3.625, 9.75], "texture": "#0"},
				"west": {"uv": [0.625, 7.75, 1.25, 8.375], "texture": "#0"},
				"up": {"uv": [3.75, 9.75, 3.625, 9.125], "texture": "#0"},
				"down": {"uv": [9.25, 5.125, 9.125, 5.75], "texture": "#0"}
			}
		},
		{
			"from": [13.9, 7.9, 5],
			"to": [14.8, 12.9, 10],
			"faces": {
				"north": {"uv": [5.5, 9.125, 5.625, 9.75], "texture": "#0"},
				"east": {"uv": [1.25, 7.75, 1.875, 8.375], "texture": "#0"},
				"south": {"uv": [5.625, 9.125, 5.75, 9.75], "texture": "#0"},
				"west": {"uv": [1.875, 7.75, 2.5, 8.375], "texture": "#0"},
				"up": {"uv": [5.875, 9.75, 5.75, 9.125], "texture": "#0"},
				"down": {"uv": [6, 9.125, 5.875, 9.75], "texture": "#0"}
			}
		},
		{
			"from": [12.3, 7.9, 5],
			"to": [13.5, 12.7, 10],
			"faces": {
				"north": {"uv": [6, 9.125, 6.125, 9.75], "texture": "#0"},
				"east": {"uv": [2.5, 7.75, 3.125, 8.375], "texture": "#0"},
				"south": {"uv": [9.125, 6, 9.25, 6.625], "texture": "#0"},
				"west": {"uv": [3.125, 7.75, 3.75, 8.375], "texture": "#0"},
				"up": {"uv": [6.25, 9.75, 6.125, 9.125], "texture": "#0"},
				"down": {"uv": [6.375, 9.125, 6.25, 9.75], "texture": "#0"}
			}
		},
		{
			"from": [10.9, 7.9, 5],
			"to": [12.1, 13.1, 10],
			"faces": {
				"north": {"uv": [6.375, 9.125, 6.5, 9.75], "texture": "#0"},
				"east": {"uv": [7.75, 3.125, 8.375, 3.75], "texture": "#0"},
				"south": {"uv": [6.5, 9.125, 6.625, 9.75], "texture": "#0"},
				"west": {"uv": [7.875, 0.625, 8.5, 1.25], "texture": "#0"},
				"up": {"uv": [6.75, 9.75, 6.625, 9.125], "texture": "#0"},
				"down": {"uv": [9.25, 6.625, 9.125, 7.25], "texture": "#0"}
			}
		},
		{
			"from": [1.7, 14.8, 5],
			"to": [2.6, 19.8, 10],
			"faces": {
				"north": {"uv": [6.75, 9.125, 6.875, 9.75], "texture": "#0"},
				"east": {"uv": [7.875, 1.25, 8.5, 1.875], "texture": "#0"},
				"south": {"uv": [6.875, 9.125, 7, 9.75], "texture": "#0"},
				"west": {"uv": [7.875, 1.875, 8.5, 2.5], "texture": "#0"},
				"up": {"uv": [9.25, 7.875, 9.125, 7.25], "texture": "#0"},
				"down": {"uv": [8, 9.125, 7.875, 9.75], "texture": "#0"}
			}
		},
		{
			"from": [8.5, 21.9, 5],
			"to": [9.4, 26.9, 10],
			"faces": {
				"north": {"uv": [9.125, 7.875, 9.25, 8.5], "texture": "#0"},
				"east": {"uv": [7.875, 6, 8.5, 6.625], "texture": "#0"},
				"south": {"uv": [8, 9.125, 8.125, 9.75], "texture": "#0"},
				"west": {"uv": [7.875, 6.625, 8.5, 7.25], "texture": "#0"},
				"up": {"uv": [8.25, 9.75, 8.125, 9.125], "texture": "#0"},
				"down": {"uv": [8.375, 9.125, 8.25, 9.75], "texture": "#0"}
			}
		},
		{
			"from": [6.6, 21.9, 5],
			"to": [7.8, 26.9, 10],
			"faces": {
				"north": {"uv": [8.375, 9.125, 8.5, 9.75], "texture": "#0"},
				"east": {"uv": [7.875, 7.25, 8.5, 7.875], "texture": "#0"},
				"south": {"uv": [8.5, 9.125, 8.625, 9.75], "texture": "#0"},
				"west": {"uv": [7.875, 7.875, 8.5, 8.5], "texture": "#0"},
				"up": {"uv": [9.25, 9.125, 9.125, 8.5], "texture": "#0"},
				"down": {"uv": [8.75, 9.125, 8.625, 9.75], "texture": "#0"}
			}
		},
		{
			"from": [5.5, 1, 5],
			"to": [6.5, 5.7, 10],
			"faces": {
				"north": {"uv": [8.75, 9.125, 8.875, 9.75], "texture": "#0"},
				"east": {"uv": [0, 8, 0.625, 8.625], "texture": "#0"},
				"south": {"uv": [8.875, 9.125, 9, 9.75], "texture": "#0"},
				"west": {"uv": [8, 2.5, 8.625, 3.125], "texture": "#0"},
				"up": {"uv": [9.125, 9.75, 9, 9.125], "texture": "#0"},
				"down": {"uv": [9.25, 9.125, 9.125, 9.75], "texture": "#0"}
			}
		},
		{
			"from": [4, 1, 5],
			"to": [5, 5.7, 10],
			"faces": {
				"north": {"uv": [0, 9.25, 0.125, 9.875], "texture": "#0"},
				"east": {"uv": [8, 5.125, 8.625, 5.75], "texture": "#0"},
				"south": {"uv": [9.25, 0, 9.375, 0.625], "texture": "#0"},
				"west": {"uv": [7.25, 8, 7.875, 8.625], "texture": "#0"},
				"up": {"uv": [0.25, 9.875, 0.125, 9.25], "texture": "#0"},
				"down": {"uv": [0.375, 9.25, 0.25, 9.875], "texture": "#0"}
			}
		}
	],
	"display": {
		"thirdperson_righthand": {
			"rotation": [0, 180, 0],
			"translation": [0, 0.75, 0],
			"scale": [0.37, 0.37, 0.37]
		},
		"thirdperson_lefthand": {
			"rotation": [0, 180, 0],
			"translation": [0, 0.75, 0],
			"scale": [0.37, 0.37, 0.37]
		},
		"firstperson_righthand": {
			"rotation": [-7, 180, 0],
			"translation": [-0.5, 0.5, 1.25],
			"scale": [0.37, 0.37, 0.37]
		},
		"firstperson_lefthand": {
			"rotation": [-7, 180, 0],
			"translation": [-0.5, 0.5, 1.25],
			"scale": [0.37, 0.37, 0.37]
		},
		"ground": {
			"translation": [0, 1.25, 0],
			"scale": [0.62, 0.62, 0.62]
		},
		"gui": {
			"rotation": [-24, -10, -31],
			"translation": [-1.25, -2.5, 0],
			"scale": [0.45, 0.45, 0.45]
		},
		"head": {
			"translation": [0, -25.25, 0],
			"scale": [2.24, 2.24, 2.24]
		},
		"fixed": {
			"translation": [0, 16.5, -7.5],
			"scale": [4, 4, 4]
		}
	}
}