{
  "_fv": 24,
  "_type": "tool",
  "definition": {
    "renderType": 1,
    "texture": "1",
    "customModelName": "katana_cyberpunk:default",
    "name": "Cyber katana",
    "specialInfo": [
      "Wery cool cyber katana"
    ],
    "creativeTab": {
      "value": "COMBAT"
    },
    "toolType": "Sword",
    "harvestLevel": 5,
    "efficiency": 4.0,
    "attackSpeed": 1.2,
    "enchantability": 25,
    "damageVsEntity": 9.0,
    "usageCount": 3000,
    "blocksAffected": [],
    "hasGlow": false,
    "repairItems": [],
    "immuneToFire": true,
    "stayInGridWhenCrafting": false,
    "damageOnCrafting": false,
    "onRightClickedInAir": {
      "name": "CyberkatanaAbility"
    }
  }
}