{
  "credit": "Made with Blockbench",
  "texture_size": [
    32,
    32
  ],
  "elements": [
    {
      "from": [
        7,
        0,
        6
      ],
      "to": [
        10,
        1,
        9
      ],
      "faces": {
        "north": {
          "uv": [
            1,
            4.5,
            2.5,
            5
          ],
          "texture": "#0"
        },
        "east": {
          "uv": [
            1,
            5,
            2.5,
            5.5
          ],
          "texture": "#0"
        },
        "south": {
          "uv": [
            1,
            5.5,
            2.5,
            6
          ],
          "texture": "#0"
        },
        "west": {
          "uv": [
            1,
            6,
            2.5,
            6.5
          ],
          "texture": "#0"
        },
        "up": {
          "uv": [
            2.5,
            4.5,
            1,
            3
          ],
          "texture": "#0"
        },
        "down": {
          "uv": [
            5,
            3,
            3.5,
            4.5
          ],
          "texture": "#0"
        }
      }
    },
    {
      "from": [
        8,
        1,
        7
      ],
      "to": [
        9,
        14,
        8
      ],
      "faces": {
        "north": {
          "uv": [
            2.5,
            0,
            3,
            6.5
          ],
          "texture": "#0"
        },
        "east": {
          "uv": [
            0,
            3,
            0.5,
            9.5
          ],
          "texture": "#0"
        },
        "south": {
          "uv": [
            3,
            0,
            3.5,
            6.5
          ],
          "texture": "#0"
        },
        "west": {
          "uv": [
            0.5,
            3,
            1,
            9.5
          ],
          "texture": "#0"
        },
        "up": {
          "uv": [
            6,
            8.5,
            5.5,
            8
          ],
          "texture": "#0"
        },
        "down": {
          "uv": [
            6.5,
            8,
            6,
            8.5
          ],
          "texture": "#0"
        }
      }
    },
    {
      "from": [
        13,
        9,
        7
      ],
      "to": [
        18,
        10,
        8
      ],
      "rotation": {
        "angle": 22.5,
        "axis": "z",
        "origin": [
          0,
          0,
          0
        ]
      },
      "faces": {
        "north": {
          "uv": [
            3.5,
            4.5,
            6,
            5
          ],
          "texture": "#0"
        },
        "east": {
          "uv": [
            6.5,
            8,
            7,
            8.5
          ],
          "texture": "#0"
        },
        "south": {
          "uv": [
            5,
            3,
            7.5,
            3.5
          ],
          "texture": "#0"
        },
        "west": {
          "uv": [
            7,
            8,
            7.5,
            8.5
          ],
          "texture": "#0"
        },
        "up": {
          "uv": [
            6,
            5.5,
            3.5,
            5
          ],
          "texture": "#0"
        },
        "down": {
          "uv": [
            7.5,
            3.5,
            5,
            4
          ],
          "texture": "#0"
        }
      }
    },
    {
      "from": [
        13,
        8,
        7.25
      ],
      "to": [
        18,
        9,
        7.75
      ],
      "rotation": {
        "angle": 22.5,
        "axis": "z",
        "origin": [
          0,
          0,
          0
        ]
      },
      "faces": {
        "north": {
          "uv": [
            7.5,
            3,
            10,
            3.5
          ],
          "texture": "#0"
        },
        "east": {
          "uv": [
            1,
            9,
            1.5,
            9.5
          ],
          "texture": "#0"
        },
        "south": {
          "uv": [
            3.5,
            7.5,
            6,
            8
          ],
          "texture": "#0"
        },
        "west": {
          "uv": [
            1.5,
            9,
            2,
            9.5
          ],
          "texture": "#0"
        },
        "up": {
          "uv": [
            10,
            4,
            7.5,
            3.5
          ],
          "texture": "#0"
        },
        "down": {
          "uv": [
            10,
            4,
            7.5,
            4.5
          ],
          "texture": "#0"
        }
      }
    },
    {
      "from": [
        5,
        12.4,
        7
      ],
      "to": [
        10,
        13.4,
        8
      ],
      "rotation": {
        "angle": 22.5,
        "axis": "z",
        "origin": [
          0,
          0,
          0
        ]
      },
      "faces": {
        "north": {
          "uv": [
            3.5,
            6,
            6,
            6.5
          ],
          "texture": "#0"
        },
        "east": {
          "uv": [
            8.5,
            7,
            9,
            7.5
          ],
          "texture": "#0"
        },
        "south": {
          "uv": [
            6,
            4.5,
            8.5,
            5
          ],
          "texture": "#0"
        },
        "west": {
          "uv": [
            7.5,
            8.5,
            8,
            9
          ],
          "texture": "#0"
        },
        "up": {
          "uv": [
            8.5,
            5.5,
            6,
            5
          ],
          "texture": "#0"
        },
        "down": {
          "uv": [
            8.5,
            5.5,
            6,
            6
          ],
          "texture": "#0"
        }
      }
    },
    {
      "from": [
        16,
        4,
        7
      ],
      "to": [
        19,
        7,
        8
      ],
      "rotation": {
        "angle": 45,
        "axis": "z",
        "origin": [
          0,
          0,
          0
        ]
      },
      "faces": {
        "north": {
          "uv": [
            0,
            0,
            2.5,
            1.5
          ],
          "texture": "#0"
        },
        "east": {
          "uv": [
            4.5,
            8,
            5,
            9.5
          ],
          "texture": "#0"
        },
        "south": {
          "uv": [
            0,
            1.5,
            2.5,
            3
          ],
          "texture": "#0"
        },
        "west": {
          "uv": [
            5,
            8,
            5.5,
            9.5
          ],
          "texture": "#0"
        },
        "up": {
          "uv": [
            10.5,
            1.5,
            8,
            1
          ],
          "texture": "#0"
        },
        "down": {
          "uv": [
            10.5,
            1.5,
            8,
            2
          ],
          "texture": "#0"
        }
      }
    },
    {
      "from": [
        5,
        11.4,
        7.25
      ],
      "to": [
        10,
        12.4,
        7.75
      ],
      "rotation": {
        "angle": 22.5,
        "axis": "z",
        "origin": [
          0,
          0,
          0
        ]
      },
      "faces": {
        "north": {
          "uv": [
            6,
            6,
            8.5,
            6.5
          ],
          "texture": "#0"
        },
        "east": {
          "uv": [
            8.5,
            7.5,
            9,
            8
          ],
          "texture": "#0"
        },
        "south": {
          "uv": [
            1,
            6.5,
            3.5,
            7
          ],
          "texture": "#0"
        },
        "west": {
          "uv": [
            8,
            8.5,
            8.5,
            9
          ],
          "texture": "#0"
        },
        "up": {
          "uv": [
            6,
            7,
            3.5,
            6.5
          ],
          "texture": "#0"
        },
        "down": {
          "uv": [
            8.5,
            6.5,
            6,
            7
          ],
          "texture": "#0"
        }
      }
    },
    {
      "from": [
        6,
        19,
        7
      ],
      "to": [
        11,
        20,
        8
      ],
      "rotation": {
        "angle": -22.5,
        "axis": "z",
        "origin": [
          0,
          0,
          0
        ]
      },
      "faces": {
        "north": {
          "uv": [
            5.5,
            1.5,
            8,
            2
          ],
          "texture": "#0"
        },
        "east": {
          "uv": [
            1,
            8.5,
            1.5,
            9
          ],
          "texture": "#0"
        },
        "south": {
          "uv": [
            5.5,
            2,
            8,
            2.5
          ],
          "texture": "#0"
        },
        "west": {
          "uv": [
            1.5,
            8.5,
            2,
            9
          ],
          "texture": "#0"
        },
        "up": {
          "uv": [
            8,
            3,
            5.5,
            2.5
          ],
          "texture": "#0"
        },
        "down": {
          "uv": [
            6,
            5.5,
            3.5,
            6
          ],
          "texture": "#0"
        }
      }
    },
    {
      "from": [
        6,
        18,
        7.25
      ],
      "to": [
        11,
        19,
        7.75
      ],
      "rotation": {
        "angle": -22.5,
        "axis": "z",
        "origin": [
          0,
          0,
          0
        ]
      },
      "faces": {
        "north": {
          "uv": [
            6,
            7.5,
            8.5,
            8
          ],
          "texture": "#0"
        },
        "east": {
          "uv": [
            2,
            9,
            2.5,
            9.5
          ],
          "texture": "#0"
        },
        "south": {
          "uv": [
            8,
            0,
            10.5,
            0.5
          ],
          "texture": "#0"
        },
        "west": {
          "uv": [
            2.5,
            9,
            3,
            9.5
          ],
          "texture": "#0"
        },
        "up": {
          "uv": [
            10.5,
            1,
            8,
            0.5
          ],
          "texture": "#0"
        },
        "down": {
          "uv": [
            3.5,
            8,
            1,
            8.5
          ],
          "texture": "#0"
        }
      }
    },
    {
      "from": [
        12.5,
        15,
        7
      ],
      "to": [
        13.5,
        16,
        8
      ],
      "faces": {
        "north": {
          "uv": [
            2,
            8.5,
            2.5,
            9
          ],
          "texture": "#0"
        },
        "east": {
          "uv": [
            2.5,
            8.5,
            3,
            9
          ],
          "texture": "#0"
        },
        "south": {
          "uv": [
            3,
            8.5,
            3.5,
            9
          ],
          "texture": "#0"
        },
        "west": {
          "uv": [
            8.5,
            4.5,
            9,
            5
          ],
          "texture": "#0"
        },
        "up": {
          "uv": [
            9,
            5.5,
            8.5,
            5
          ],
          "texture": "#0"
        },
        "down": {
          "uv": [
            6,
            8.5,
            5.5,
            9
          ],
          "texture": "#0"
        }
      }
    },
    {
      "from": [
        3.5,
        15,
        7
      ],
      "to": [
        4.5,
        16,
        8
      ],
      "faces": {
        "north": {
          "uv": [
            8.5,
            5.5,
            9,
            6
          ],
          "texture": "#0"
        },
        "east": {
          "uv": [
            6,
            8.5,
            6.5,
            9
          ],
          "texture": "#0"
        },
        "south": {
          "uv": [
            8.5,
            6,
            9,
            6.5
          ],
          "texture": "#0"
        },
        "west": {
          "uv": [
            6.5,
            8.5,
            7,
            9
          ],
          "texture": "#0"
        },
        "up": {
          "uv": [
            9,
            7,
            8.5,
            6.5
          ],
          "texture": "#0"
        },
        "down": {
          "uv": [
            7.5,
            8.5,
            7,
            9
          ],
          "texture": "#0"
        }
      }
    },
    {
      "from": [
        -2.5,
        15.5,
        7
      ],
      "to": [
        2.5,
        16.5,
        8
      ],
      "rotation": {
        "angle": -22.5,
        "axis": "z",
        "origin": [
          0,
          0,
          0
        ]
      },
      "faces": {
        "north": {
          "uv": [
            5,
            4,
            7.5,
            4.5
          ],
          "texture": "#0"
        },
        "east": {
          "uv": [
            7.5,
            8,
            8,
            8.5
          ],
          "texture": "#0"
        },
        "south": {
          "uv": [
            5.5,
            0,
            8,
            0.5
          ],
          "texture": "#0"
        },
        "west": {
          "uv": [
            8,
            8,
            8.5,
            8.5
          ],
          "texture": "#0"
        },
        "up": {
          "uv": [
            8,
            1,
            5.5,
            0.5
          ],
          "texture": "#0"
        },
        "down": {
          "uv": [
            8,
            1,
            5.5,
            1.5
          ],
          "texture": "#0"
        }
      }
    },
    {
      "from": [
        -2.5,
        14.5,
        7.25
      ],
      "to": [
        3,
        15.5,
        7.75
      ],
      "rotation": {
        "angle": -22.5,
        "axis": "z",
        "origin": [
          0,
          0,
          0
        ]
      },
      "faces": {
        "north": {
          "uv": [
            1,
            7,
            3.5,
            7.5
          ],
          "texture": "#0"
        },
        "east": {
          "uv": [
            8.5,
            8,
            9,
            8.5
          ],
          "texture": "#0"
        },
        "south": {
          "uv": [
            3.5,
            7,
            6,
            7.5
          ],
          "texture": "#0"
        },
        "west": {
          "uv": [
            8.5,
            8.5,
            9,
            9
          ],
          "texture": "#0"
        },
        "up": {
          "uv": [
            8.5,
            7.5,
            6,
            7
          ],
          "texture": "#0"
        },
        "down": {
          "uv": [
            3.5,
            7.5,
            1,
            8
          ],
          "texture": "#0"
        }
      }
    }
  ],
  "display": {
    "thirdperson_righthand": {
      "rotation": [
        -140,
        -90,
        -141.5
      ],
      "translation": [
        0,
        3.75,
        0.75
      ],
      "scale": [
        1.2,
        1.2,
        1.2
      ]
    },
    "thirdperson_lefthand": {
      "rotation": [
        0,
        -90,
        0
      ],
      "translation": [
        0,
        3,
        2.25
      ],
      "scale": [
        1.2,
        1.2,
        1.2
      ]
    },
    "firstperson_righthand": {
      "rotation": [
        0,
        90,
        0
      ],
      "translation": [
        0,
        2,
        1.75
      ]
    },
    "firstperson_lefthand": {
      "rotation": [
        0,
        90,
        0
      ],
      "translation": [
        0,
        0.75,
        1
      ]
    },
    "ground": {
      "translation": [
        0,
        3.25,
        0
      ]
    },
    "gui": {
      "rotation": [
        0,
        0,
        -40
      ],
      "translation": [
        -1.5,
        -1,
        0
      ],
      "scale": [
        0.69,
        0.69,
        0.69
      ]
    },
    "fixed": {
      "translation": [
        0,
        -0.75,
        0
      ]
    }
  }
}