{
  "credit": "Made with Blockbench",
  "elements": [
    {
      "from": [
        -1,
        -1,
        -1
      ],
      "to": [
        17,
        17,
        17
      ],
      "faces": {
        "north": {
          "uv": [
            8,
            0,
            16,
            8
          ],
          "texture": "#0"
        },
        "east": {
          "uv": [
            8,
            0,
            16,
            8
          ],
          "texture": "#0"
        },
        "south": {
          "uv": [
            0,
            0,
            8,
            8
          ],
          "texture": "#0"
        },
        "west": {
          "uv": [
            8,
            0,
            16,
            8
          ],
          "texture": "#0"
        },
        "up": {
          "uv": [
            0,
            8,
            8,
            16
          ],
          "texture": "#0"
        },
        "down": {
          "uv": [
            16,
            8,
            8,
            16
          ],
          "texture": "#0"
        }
      }
    }
  ],
  "display": {
    "thirdperson_righthand": {
      "scale": [
        0.5,
        0.5,
        0.5
      ]
    },
    "thirdperson_lefthand": {
      "scale": [
        0.5,
        0.5,
        0.5
      ]
    },
    "firstperson_righthand": {
      "translation": [
        2,
        -2.25,
        0
      ]
    },
    "firstperson_lefthand": {
      "translation": [
        2,
        -2.25,
        0
      ]
    },
    "ground": {
      "translation": [
        0,
        4.25,
        0
      ]
    },
    "gui": {
      "rotation": [
        16,
        13,
        16
      ],
      "translation": [
        0.25,
        0,
        0
      ],
      "scale": [
        0.6,
        0.6,
        0.6
      ]
    },
    "fixed": {
      "translation": [
        0,
        0,
        -8.5
      ]
    }
  }
}