{
  "credit": "Made with Blockbench",
  "elements": [
    {
      "from": [
        1.4,
        1.9,
        15.1
      ],
      "to": [
        19.6,
        3.4,
        15.5
      ],
      "rotation": {
        "angle": 22.5,
        "axis": "z",
        "origin": [
          10.9,
          2.65,
          15.25
        ]
      },
      "faces": {
        "north": {
          "uv": [
            0,
            5,
            14,
            16
          ],
          "texture": "#0"
        },
        "east": {
          "uv": [
            0,
            0,
            0.4,
            1.5
          ],
          "texture": "#0"
        },
        "south": {
          "uv": [
            0,
            5,
            16,
            16
          ],
          "texture": "#0"
        },
        "west": {
          "uv": [
            0,
            16,
            15,
            1.5
          ],
          "texture": "#0"
        },
        "up": {
          "uv": [
            0,
            0,
            16,
            0.4
          ],
          "texture": "#0"
        },
        "down": {
          "uv": [
            0,
            1,
            14,
            16
          ],
          "texture": "#0"
        }
      }
    },
    {
      "from": [
        -1.9,
        5.8,
        15.1
      ],
      "to": [
        14.4,
        7.3,
        15.5
      ],
      "rotation": {
        "angle": 22.5,
        "axis": "z",
        "origin": [
          5.6,
          6.55,
          15.25
        ]
      },
      "faces": {
        "north": {
          "uv": [
            0,
            5,
            14,
            16
          ],
          "texture": "#0"
        },
        "east": {
          "uv": [
            0,
            0,
            0.4,
            1.5
          ],
          "texture": "#0"
        },
        "south": {
          "uv": [
            0,
            5,
            16,
            16
          ],
          "texture": "#0"
        },
        "west": {
          "uv": [
            0,
            16,
            15,
            1.5
          ],
          "texture": "#0"
        },
        "up": {
          "uv": [
            0,
            0,
            16,
            0.4
          ],
          "texture": "#0"
        },
        "down": {
          "uv": [
            0,
            1,
            14,
            16
          ],
          "texture": "#0"
        }
      }
    },
    {
      "from": [
        -1.9,
        0.7,
        14.7
      ],
      "to": [
        13.1,
        2.2,
        15.5
      ],
      "faces": {
        "north": {
          "uv": [
            0,
            5,
            14,
            16
          ],
          "texture": "#0"
        },
        "east": {
          "uv": [
            0,
            0,
            0.8,
            1.5
          ],
          "texture": "#0"
        },
        "south": {
          "uv": [
            0,
            5,
            16,
            16
          ],
          "texture": "#0"
        },
        "west": {
          "uv": [
            0,
            16,
            15,
            1.5
          ],
          "texture": "#0"
        },
        "up": {
          "uv": [
            0,
            0,
            15,
            0.8
          ],
          "texture": "#0"
        },
        "down": {
          "uv": [
            0,
            1,
            13,
            16
          ],
          "texture": "#0"
        }
      }
    },
    {
      "from": [
        3.3,
        3.7,
        15
      ],
      "to": [
        19.8,
        5.2,
        15.5
      ],
      "rotation": {
        "angle": -22.5,
        "axis": "z",
        "origin": [
          12.3,
          4.45,
          15.25
        ]
      },
      "faces": {
        "north": {
          "uv": [
            0,
            5,
            14,
            16
          ],
          "texture": "#0"
        },
        "east": {
          "uv": [
            0,
            0,
            0.5,
            1.5
          ],
          "texture": "#0"
        },
        "south": {
          "uv": [
            0,
            5,
            16,
            16
          ],
          "texture": "#0"
        },
        "west": {
          "uv": [
            0,
            16,
            15,
            1.5
          ],
          "texture": "#0"
        },
        "up": {
          "uv": [
            0,
            0,
            16,
            0.5
          ],
          "texture": "#0"
        },
        "down": {
          "uv": [
            0,
            1,
            14,
            16
          ],
          "texture": "#0"
        }
      }
    },
    {
      "from": [
        -5.1,
        4.1,
        15
      ],
      "to": [
        9.9,
        5.6,
        15.5
      ],
      "rotation": {
        "angle": -45,
        "axis": "z",
        "origin": [
          2.4,
          4.85,
          15.25
        ]
      },
      "faces": {
        "north": {
          "uv": [
            0,
            5,
            14,
            16
          ],
          "texture": "#0"
        },
        "east": {
          "uv": [
            0,
            0,
            0.5,
            1.5
          ],
          "texture": "#0"
        },
        "south": {
          "uv": [
            0,
            5,
            16,
            16
          ],
          "texture": "#0"
        },
        "west": {
          "uv": [
            0,
            16,
            15,
            1.5
          ],
          "texture": "#0"
        },
        "up": {
          "uv": [
            0,
            0,
            15,
            0.5
          ],
          "texture": "#0"
        },
        "down": {
          "uv": [
            0,
            1,
            13,
            16
          ],
          "texture": "#0"
        }
      }
    },
    {
      "from": [
        6.65,
        -1.85,
        14.8
      ],
      "to": [
        8.15,
        12.35,
        15.5
      ],
      "rotation": {
        "angle": 22.5,
        "axis": "z",
        "origin": [
          7.4,
          4.85,
          15.25
        ]
      },
      "faces": {
        "north": {
          "uv": [
            0,
            5,
            14,
            16
          ],
          "rotation": 270,
          "texture": "#0"
        },
        "east": {
          "uv": [
            0,
            0,
            14.2,
            0.7
          ],
          "rotation": 270,
          "texture": "#0"
        },
        "south": {
          "uv": [
            0,
            5,
            16,
            16
          ],
          "rotation": 90,
          "texture": "#0"
        },
        "west": {
          "uv": [
            0,
            16,
            16,
            0.7
          ],
          "rotation": 270,
          "texture": "#0"
        },
        "up": {
          "uv": [
            0,
            0,
            0.7,
            1.5
          ],
          "rotation": 90,
          "texture": "#0"
        },
        "down": {
          "uv": [
            0,
            1,
            0,
            16
          ],
          "rotation": 270,
          "texture": "#0"
        }
      }
    },
    {
      "from": [
        11.05,
        -1.85,
        14.9
      ],
      "to": [
        12.55,
        11.65,
        15.5
      ],
      "rotation": {
        "angle": -22.5,
        "axis": "z",
        "origin": [
          11.8,
          4.15,
          15.25
        ]
      },
      "faces": {
        "north": {
          "uv": [
            0,
            5,
            13.5,
            16
          ],
          "rotation": 270,
          "texture": "#0"
        },
        "east": {
          "uv": [
            0,
            0,
            13.5,
            0.6
          ],
          "rotation": 270,
          "texture": "#0"
        },
        "south": {
          "uv": [
            0,
            5,
            16,
            16
          ],
          "rotation": 90,
          "texture": "#0"
        },
        "west": {
          "uv": [
            0,
            16,
            16,
            0.6
          ],
          "rotation": 270,
          "texture": "#0"
        },
        "up": {
          "uv": [
            0,
            0,
            0.6,
            1.5
          ],
          "rotation": 90,
          "texture": "#0"
        },
        "down": {
          "uv": [
            0,
            1,
            0,
            16
          ],
          "rotation": 270,
          "texture": "#0"
        }
      }
    },
    {
      "from": [
        3.3,
        3.8,
        15.1
      ],
      "to": [
        19.8,
        5.3,
        15.5
      ],
      "faces": {
        "north": {
          "uv": [
            0,
            5,
            14,
            16
          ],
          "texture": "#0"
        },
        "east": {
          "uv": [
            0,
            0,
            0.4,
            1.5
          ],
          "texture": "#0"
        },
        "south": {
          "uv": [
            0,
            5,
            16,
            16
          ],
          "texture": "#0"
        },
        "west": {
          "uv": [
            0,
            16,
            15,
            1.5
          ],
          "texture": "#0"
        },
        "up": {
          "uv": [
            0,
            0,
            16,
            0.4
          ],
          "texture": "#0"
        },
        "down": {
          "uv": [
            0,
            1,
            14,
            16
          ],
          "texture": "#0"
        }
      }
    },
    {
      "from": [
        7.1,
        8.5,
        15
      ],
      "to": [
        19.8,
        10,
        15.5
      ],
      "rotation": {
        "angle": -22.5,
        "axis": "z",
        "origin": [
          12.3,
          9.25,
          15.25
        ]
      },
      "faces": {
        "north": {
          "uv": [
            0,
            5,
            12.7,
            16
          ],
          "texture": "#0"
        },
        "east": {
          "uv": [
            0,
            0,
            0.5,
            1.5
          ],
          "texture": "#0"
        },
        "south": {
          "uv": [
            0,
            5,
            15.7,
            16
          ],
          "texture": "#0"
        },
        "west": {
          "uv": [
            0,
            16,
            15,
            1.5
          ],
          "texture": "#0"
        },
        "up": {
          "uv": [
            0,
            0,
            12.7,
            0.5
          ],
          "texture": "#0"
        },
        "down": {
          "uv": [
            0,
            1,
            10.7,
            16
          ],
          "texture": "#0"
        }
      }
    },
    {
      "from": [
        14.15,
        -1.85,
        14.8
      ],
      "to": [
        15.65,
        12.35,
        15.5
      ],
      "faces": {
        "north": {
          "uv": [
            0,
            5,
            14,
            16
          ],
          "rotation": 270,
          "texture": "#0"
        },
        "east": {
          "uv": [
            0,
            0,
            14.2,
            0.7
          ],
          "rotation": 270,
          "texture": "#0"
        },
        "south": {
          "uv": [
            0,
            5,
            16,
            16
          ],
          "rotation": 90,
          "texture": "#0"
        },
        "west": {
          "uv": [
            0,
            16,
            16,
            0.7
          ],
          "rotation": 270,
          "texture": "#0"
        },
        "up": {
          "uv": [
            0,
            0,
            0.7,
            1.5
          ],
          "rotation": 90,
          "texture": "#0"
        },
        "down": {
          "uv": [
            0,
            1,
            0,
            16
          ],
          "rotation": 270,
          "texture": "#0"
        }
      }
    },
    {
      "from": [
        0.25,
        -1.85,
        14.9
      ],
      "to": [
        1.75,
        10.45,
        15.5
      ],
      "rotation": {
        "angle": -22.5,
        "axis": "z",
        "origin": [
          1,
          4.85,
          15.25
        ]
      },
      "faces": {
        "north": {
          "uv": [
            0,
            5,
            12.3,
            16
          ],
          "rotation": 270,
          "texture": "#0"
        },
        "east": {
          "uv": [
            0,
            0,
            12.3,
            0.6
          ],
          "rotation": 270,
          "texture": "#0"
        },
        "south": {
          "uv": [
            0,
            5,
            15.3,
            16
          ],
          "rotation": 90,
          "texture": "#0"
        },
        "west": {
          "uv": [
            0,
            16,
            16,
            0.6
          ],
          "rotation": 270,
          "texture": "#0"
        },
        "up": {
          "uv": [
            0,
            0,
            0.6,
            1.5
          ],
          "rotation": 90,
          "texture": "#0"
        },
        "down": {
          "uv": [
            0,
            1,
            0,
            16
          ],
          "rotation": 270,
          "texture": "#0"
        }
      }
    },
    {
      "from": [
        -3.15,
        4.6,
        15.5
      ],
      "to": [
        -2.9,
        5.1,
        15.7
      ],
      "rotation": {
        "angle": -45,
        "axis": "z",
        "origin": [
          2.4,
          4.85,
          15.25
        ]
      },
      "faces": {
        "north": {
          "uv": [
            0,
            5,
            7,
            16
          ],
          "texture": "#0"
        },
        "east": {
          "uv": [
            0,
            0,
            0.2,
            0.5
          ],
          "texture": "#0"
        },
        "south": {
          "uv": [
            0,
            5,
            4,
            16
          ],
          "texture": "#0"
        },
        "west": {
          "uv": [
            0,
            16,
            15,
            0.5
          ],
          "texture": "#0"
        },
        "up": {
          "uv": [
            0,
            0,
            0.25,
            0.2
          ],
          "texture": "#0"
        },
        "down": {
          "uv": [
            0,
            1,
            0,
            16
          ],
          "texture": "#0"
        }
      }
    },
    {
      "from": [
        3.2,
        2.4,
        15.5
      ],
      "to": [
        3.45,
        2.9,
        15.7
      ],
      "rotation": {
        "angle": 22.5,
        "axis": "z",
        "origin": [
          10.9,
          2.65,
          15.25
        ]
      },
      "faces": {
        "north": {
          "uv": [
            0,
            5,
            7,
            16
          ],
          "texture": "#0"
        },
        "east": {
          "uv": [
            0,
            0,
            0.2,
            0.5
          ],
          "texture": "#0"
        },
        "south": {
          "uv": [
            0,
            5,
            4,
            16
          ],
          "texture": "#0"
        },
        "west": {
          "uv": [
            0,
            16,
            15,
            0.5
          ],
          "texture": "#0"
        },
        "up": {
          "uv": [
            0,
            0,
            0.25,
            0.2
          ],
          "texture": "#0"
        },
        "down": {
          "uv": [
            0,
            1,
            0,
            16
          ],
          "texture": "#0"
        }
      }
    },
    {
      "from": [
        11.55,
        7,
        15.5
      ],
      "to": [
        12.05,
        7.25,
        15.7
      ],
      "rotation": {
        "angle": -22.5,
        "axis": "z",
        "origin": [
          11.8,
          4.15,
          15.25
        ]
      },
      "faces": {
        "north": {
          "uv": [
            0,
            5,
            7,
            16
          ],
          "rotation": 270,
          "texture": "#0"
        },
        "east": {
          "uv": [
            0,
            0,
            0.25,
            0.2
          ],
          "rotation": 270,
          "texture": "#0"
        },
        "south": {
          "uv": [
            0,
            5,
            4,
            16
          ],
          "rotation": 90,
          "texture": "#0"
        },
        "west": {
          "uv": [
            0,
            16,
            15,
            0.2
          ],
          "rotation": 270,
          "texture": "#0"
        },
        "up": {
          "uv": [
            0,
            0,
            0.2,
            0.5
          ],
          "rotation": 90,
          "texture": "#0"
        },
        "down": {
          "uv": [
            0,
            1,
            0,
            16
          ],
          "rotation": 270,
          "texture": "#0"
        }
      }
    }
  ],
  "display": {
    "thirdperson_righthand": {
      "translation": [
        0,
        1,
        -5.5
      ],
      "scale": [
        0.73,
        0.73,
        0.73
      ]
    },
    "thirdperson_lefthand": {
      "translation": [
        0,
        1,
        -5.5
      ],
      "scale": [
        0.73,
        0.73,
        0.73
      ]
    },
    "firstperson_righthand": {
      "translation": [
        5.25,
        1.75,
        -5.5
      ],
      "scale": [
        0.73,
        0.73,
        0.73
      ]
    },
    "firstperson_lefthand": {
      "translation": [
        3.25,
        0.25,
        -5.5
      ],
      "scale": [
        0.73,
        0.73,
        0.73
      ]
    },
    "ground": {
      "translation": [
        0,
        6.25,
        -6.75
      ]
    },
    "gui": {
      "rotation": [
        0,
        0,
        32.75
      ],
      "translation": [
        -1,
        2.25,
        0
      ],
      "scale": [
        0.7,
        0.7,
        0.7
      ]
    },
    "head": {
      "translation": [
        0,
        -7.75,
        -8.5
      ],
      "scale": [
        2.33,
        2.33,
        2.33
      ]
    },
    "fixed": {
      "translation": [
        -2.75,
        12,
        -29.75
      ],
      "scale": [
        4,
        4,
        4
      ]
    }
  }
}