{
  "_fv": 24,
  "_type": "tool",
  "definition": {
    "renderType": 0,
    "texture": "copper_hammer",
    "customModelName": "Normal",
    "name": "�eGold hammer",
    "specialInfo": [
      "Super fast gold hammer mines 3x3"
    ],
    "creativeTab": {
      "value": "TOOLS"
    },
    "toolType": "Pickaxe",
    "harvestLevel": 4,
    "efficiency": 12.0,
    "attackSpeed": 1.6,
    "enchantability": 22,
    "damageVsEntity": 3.0,
    "usageCount": 64,
    "blocksAffected": [],
    "hasGlow": false,
    "repairItems": [
      {
        "value": "Items.GOLD_INGOT"
      }
    ],
    "immuneToFire": false,
    "stayInGridWhenCrafting": false,
    "damageOnCrafting": false,
    "onBlockDestroyedWithTool": {
      "name": "ZxZblockminertool"
    }
  }
}