{
  "_fv": 24,
  "_type": "tool",
  "definition": {
    "renderType": 0,
    "texture": "hammer",
    "customModelName": "Normal",
    "name": "�7Iron hammer",
    "specialInfo": [
      "iron hammer mines 3x3"
    ],
    "creativeTab": {
      "value": "TOOLS"
    },
    "toolType": "Pickaxe",
    "harvestLevel": 2,
    "efficiency": 6.0,
    "attackSpeed": 1.6,
    "enchantability": 14,
    "damageVsEntity": 4.0,
    "usageCount": 300,
    "blocksAffected": [],
    "hasGlow": false,
    "repairItems": [
      {
        "value": "Items.IRON_INGOT"
      }
    ],
    "immuneToFire": false,
    "stayInGridWhenCrafting": false,
    "damageOnCrafting": false,
    "onBlockDestroyedWithTool": {
      "name": "ZxZblockminertool"
    }
  }
}