{
  "_fv": 24,
  "_type": "tool",
  "definition": {
    "renderType": 0,
    "texture": "netherite_hammer",
    "customModelName": "Normal",
    "name": "Netherite hammer",
    "specialInfo": [
      "Super nice hammer mines 3x3"
    ],
    "creativeTab": {
      "value": "TOOLS"
    },
    "toolType": "Pickaxe",
    "harvestLevel": 4,
    "efficiency": 9.0,
    "attackSpeed": 1.5999999999999999,
    "enchantability": 15,
    "damageVsEntity": 5.0,
    "usageCount": 3000,
    "blocksAffected": [],
    "hasGlow": false,
    "repairItems": [
      {
        "value": "Items.NETHERITE_INGOT"
      },
      {
        "value": "Blocks.NETHERITE_BLOCK"
      }
    ],
    "immuneToFire": true,
    "stayInGridWhenCrafting": false,
    "damageOnCrafting": false,
    "onBlockDestroyedWithTool": {
      "name": "ZxZblockminertool"
    }
  }
}