{
  "_fv": 24,
  "_type": "recipe",
  "definition": {
    "recipeType": "Crafting",
    "xpReward": 0.0,
    "cookingTime": 200,
    "recipeRetstackSize": 1,
    "group": "stone_hammer_recipe",
    "recipeShapeless": false,
    "recipeSlots": [
      {
        "value": "Blocks.STONE"
      },
      {
        "value": "Blocks.STONE"
      },
      {
        "value": "Blocks.STONE"
      },
      {
        "value": "Blocks.STONE"
      },
      {
        "value": "Items.STICK"
      },
      {
        "value": "Blocks.STONE"
      },
      {
        "value": ""
      },
      {
        "value": "Items.STICK"
      },
      {
        "value": ""
      }
    ],
    "recipeReturnStack": {
      "value": "CUSTOM:Stonehammer"
    },
    "name": "stonehammerrecipe",
    "namespace": "minecraft"
  }
}